Started GET "/" for ::1 at 2026-03-26 16:45:08 +0900
  [1m[35m (1.8ms)[0m  [1m[35mCREATE TABLE "schema_migrations" ("version" varchar NOT NULL PRIMARY KEY) /*application='HandmadeSupportApp'*/[0m
  [1m[35m (0.2ms)[0m  [1m[35mCREATE TABLE "ar_internal_metadata" ("key" varchar NOT NULL PRIMARY KEY, "value" varchar, "created_at" datetime(6) NOT NULL, "updated_at" datetime(6) NOT NULL) /*application='HandmadeSupportApp'*/[0m
  [1m[36mActiveRecord::SchemaMigration Load (0.2ms)[0m  [1m[34mSELECT "schema_migrations"."version" FROM "schema_migrations" ORDER BY "schema_migrations"."version" ASC /*application='HandmadeSupportApp'*/[0m
Processing by Rails::WelcomeController#index as HTML
  Rendering C:/Ruby34-x64/lib/ruby/gems/3.4.0/gems/railties-8.1.3/lib/rails/templates/rails/welcome/index.html.erb
  Rendered C:/Ruby34-x64/lib/ruby/gems/3.4.0/gems/railties-8.1.3/lib/rails/templates/rails/welcome/index.html.erb (Duration: 0.6ms | GC: 0.0ms)
Completed 200 OK in 75ms (Views: 17.3ms | ActiveRecord: 0.0ms (0 queries, 0 cached) | GC: 0.0ms)


  [1m[36mActiveRecord::InternalMetadata Load (0.2ms)[0m  [1m[34mSELECT * FROM "ar_internal_metadata" WHERE "ar_internal_metadata"."key" = 'environment' ORDER BY "ar_internal_metadata"."key" ASC LIMIT 1 /*application='HandmadeSupportApp'*/[0m
  [1m[36mActiveRecord::InternalMetadata Create (7.7ms)[0m  [1m[32mINSERT INTO "ar_internal_metadata" ("key", "value", "created_at", "updated_at") VALUES ('environment', 'development', '2026-03-26 07:47:44.718044', '2026-03-26 07:47:44.718048') RETURNING "key" /*application='HandmadeSupportApp'*/[0m
  [1m[36mActiveRecord::SchemaMigration Load (0.1ms)[0m  [1m[34mSELECT "schema_migrations"."version" FROM "schema_migrations" ORDER BY "schema_migrations"."version" ASC /*application='HandmadeSupportApp'*/[0m
Migrating to CreateItems (20260326074718)
  [1m[36mTRANSACTION (0.1ms)[0m  [1m[35mBEGIN immediate TRANSACTION /*application='HandmadeSupportApp'*/[0m
  [1m[35m (2.5ms)[0m  [1m[35mCREATE TABLE "items" ("id" integer PRIMARY KEY AUTOINCREMENT NOT NULL, "title" varchar, "description" text, "price" integer, "stock" integer, "created_at" datetime(6) NOT NULL, "updated_at" datetime(6) NOT NULL) /*application='HandmadeSupportApp'*/[0m
  [1m[36mActiveRecord::SchemaMigration Create (0.5ms)[0m  [1m[32mINSERT INTO "schema_migrations" ("version") VALUES ('20260326074718') RETURNING "version" /*application='HandmadeSupportApp'*/[0m
  [1m[36mTRANSACTION (0.3ms)[0m  [1m[35mCOMMIT TRANSACTION /*application='HandmadeSupportApp'*/[0m
  [1m[36mActiveRecord::SchemaMigration Load (0.1ms)[0m  [1m[34mSELECT "schema_migrations"."version" FROM "schema_migrations" ORDER BY "schema_migrations"."version" ASC /*application='HandmadeSupportApp'*/[0m
Started GET "/" for ::1 at 2026-03-26 16:48:03 +0900
  [1m[36mActiveRecord::SchemaMigration Load (0.2ms)[0m  [1m[34mSELECT "schema_migrations"."version" FROM "schema_migrations" ORDER BY "schema_migrations"."version" ASC /*application='HandmadeSupportApp'*/[0m
Processing by Rails::WelcomeController#index as HTML
  Rendering C:/Ruby34-x64/lib/ruby/gems/3.4.0/gems/railties-8.1.3/lib/rails/templates/rails/welcome/index.html.erb
  Rendered C:/Ruby34-x64/lib/ruby/gems/3.4.0/gems/railties-8.1.3/lib/rails/templates/rails/welcome/index.html.erb (Duration: 0.5ms | GC: 0.0ms)
Completed 200 OK in 32ms (Views: 5.4ms | ActiveRecord: 0.0ms (0 queries, 0 cached) | GC: 0.0ms)


Started GET "/items" for ::1 at 2026-03-26 16:48:07 +0900
  
ActionController::RoutingError (No route matches [GET] "/items"):
  
Started GET "/favicon.ico" for ::1 at 2026-03-26 16:48:07 +0900
  
ActionController::RoutingError (No route matches [GET] "/favicon.ico"):
  
  [1m[36mActiveRecord::SchemaMigration Load (0.3ms)[0m  [1m[34mSELECT "schema_migrations"."version" FROM "schema_migrations" ORDER BY "schema_migrations"."version" ASC /*application='HandmadeSupportApp'*/[0m
  [1m[36mActiveRecord::InternalMetadata Load (0.2ms)[0m  [1m[34mSELECT * FROM "ar_internal_metadata" WHERE "ar_internal_metadata"."key" = 'environment' ORDER BY "ar_internal_metadata"."key" ASC LIMIT 1 /*application='HandmadeSupportApp'*/[0m
  [1m[36mActiveRecord::SchemaMigration Load (0.1ms)[0m  [1m[34mSELECT "schema_migrations"."version" FROM "schema_migrations" ORDER BY "schema_migrations"."version" ASC /*application='HandmadeSupportApp'*/[0m
Migrating to CreateItems (20260327040953)
  [1m[36mTRANSACTION (0.1ms)[0m  [1m[35mBEGIN immediate TRANSACTION /*application='HandmadeSupportApp'*/[0m
  [1m[35m (2.1ms)[0m  [1m[35mCREATE TABLE "items" ("id" integer PRIMARY KEY AUTOINCREMENT NOT NULL, "title" varchar, "description" text, "price" integer, "stock" integer, "created_at" datetime(6) NOT NULL, "updated_at" datetime(6) NOT NULL) /*application='HandmadeSupportApp'*/[0m
  [1m[36mTRANSACTION (0.1ms)[0m  [1m[31mROLLBACK TRANSACTION /*application='HandmadeSupportApp'*/[0m
  [1m[36mActiveRecord::SchemaMigration Load (0.2ms)[0m  [1m[34mSELECT "schema_migrations"."version" FROM "schema_migrations" ORDER BY "schema_migrations"."version" ASC /*application='HandmadeSupportApp'*/[0m
  [1m[36mActiveRecord::InternalMetadata Load (0.1ms)[0m  [1m[34mSELECT * FROM "ar_internal_metadata" WHERE "ar_internal_metadata"."key" = 'environment' ORDER BY "ar_internal_metadata"."key" ASC LIMIT 1 /*application='HandmadeSupportApp'*/[0m
  [1m[36mActiveRecord::SchemaMigration Load (0.0ms)[0m  [1m[34mSELECT "schema_migrations"."version" FROM "schema_migrations" ORDER BY "schema_migrations"."version" ASC /*application='HandmadeSupportApp'*/[0m
  [1m[36mActiveRecord::InternalMetadata Load (0.1ms)[0m  [1m[34mSELECT * FROM "ar_internal_metadata" WHERE "ar_internal_metadata"."key" = 'environment' ORDER BY "ar_internal_metadata"."key" ASC LIMIT 1 /*application='HandmadeSupportApp'*/[0m
  [1m[36mActiveRecord::SchemaMigration Load (0.1ms)[0m  [1m[34mSELECT "schema_migrations"."version" FROM "schema_migrations" ORDER BY "schema_migrations"."version" ASC /*application='HandmadeSupportApp'*/[0m
  [1m[36mActiveRecord::InternalMetadata Load (0.1ms)[0m  [1m[34mSELECT * FROM "ar_internal_metadata" WHERE "ar_internal_metadata"."key" = 'environment' ORDER BY "ar_internal_metadata"."key" ASC LIMIT 1 /*application='HandmadeSupportApp'*/[0m
  [1m[36mActiveRecord::SchemaMigration Load (0.2ms)[0m  [1m[34mSELECT "schema_migrations"."version" FROM "schema_migrations" ORDER BY "schema_migrations"."version" ASC /*application='HandmadeSupportApp'*/[0m
  [1m[35m (3.7ms)[0m  [1m[35mCREATE TABLE "schema_migrations" ("version" varchar NOT NULL PRIMARY KEY) /*application='HandmadeSupportApp'*/[0m
  [1m[35m (0.2ms)[0m  [1m[35mCREATE TABLE "ar_internal_metadata" ("key" varchar NOT NULL PRIMARY KEY, "value" varchar, "created_at" datetime(6) NOT NULL, "updated_at" datetime(6) NOT NULL) /*application='HandmadeSupportApp'*/[0m
  [1m[36mActiveRecord::InternalMetadata Load (0.2ms)[0m  [1m[34mSELECT * FROM "ar_internal_metadata" WHERE "ar_internal_metadata"."key" = 'environment' ORDER BY "ar_internal_metadata"."key" ASC LIMIT 1 /*application='HandmadeSupportApp'*/[0m
  [1m[36mActiveRecord::InternalMetadata Create (0.2ms)[0m  [1m[32mINSERT INTO "ar_internal_metadata" ("key", "value", "created_at", "updated_at") VALUES ('environment', 'development', '2026-03-27 04:19:01.020929', '2026-03-27 04:19:01.020931') RETURNING "key" /*application='HandmadeSupportApp'*/[0m
  [1m[36mActiveRecord::SchemaMigration Load (0.1ms)[0m  [1m[34mSELECT "schema_migrations"."version" FROM "schema_migrations" ORDER BY "schema_migrations"."version" ASC /*application='HandmadeSupportApp'*/[0m
Migrating to CreateItems (20260327040953)
  [1m[36mTRANSACTION (0.1ms)[0m  [1m[35mBEGIN immediate TRANSACTION /*application='HandmadeSupportApp'*/[0m
  [1m[35m (2.1ms)[0m  [1m[35mCREATE TABLE "items" ("id" integer PRIMARY KEY AUTOINCREMENT NOT NULL, "title" varchar, "description" text, "price" integer, "stock" integer, "created_at" datetime(6) NOT NULL, "updated_at" datetime(6) NOT NULL) /*application='HandmadeSupportApp'*/[0m
  [1m[36mActiveRecord::SchemaMigration Create (0.1ms)[0m  [1m[32mINSERT INTO "schema_migrations" ("version") VALUES ('20260327040953') RETURNING "version" /*application='HandmadeSupportApp'*/[0m
  [1m[36mTRANSACTION (0.1ms)[0m  [1m[35mCOMMIT TRANSACTION /*application='HandmadeSupportApp'*/[0m
  [1m[36mActiveRecord::SchemaMigration Load (0.0ms)[0m  [1m[34mSELECT "schema_migrations"."version" FROM "schema_migrations" ORDER BY "schema_migrations"."version" ASC /*application='HandmadeSupportApp'*/[0m
Started GET "/" for ::1 at 2026-03-27 13:22:14 +0900
  [1m[36mActiveRecord::SchemaMigration Load (0.3ms)[0m  [1m[34mSELECT "schema_migrations"."version" FROM "schema_migrations" ORDER BY "schema_migrations"."version" ASC /*application='HandmadeSupportApp'*/[0m
Processing by Rails::WelcomeController#index as HTML
  Rendering C:/Ruby34-x64/lib/ruby/gems/3.4.0/gems/railties-8.1.3/lib/rails/templates/rails/welcome/index.html.erb
  Rendered C:/Ruby34-x64/lib/ruby/gems/3.4.0/gems/railties-8.1.3/lib/rails/templates/rails/welcome/index.html.erb (Duration: 1.8ms | GC: 0.0ms)
Completed 200 OK in 43ms (Views: 5.5ms | ActiveRecord: 0.0ms (0 queries, 0 cached) | GC: 0.0ms)


Started GET "/" for ::1 at 2026-03-27 13:28:09 +0900
  [1m[36mActiveRecord::SchemaMigration Load (0.6ms)[0m  [1m[34mSELECT "schema_migrations"."version" FROM "schema_migrations" ORDER BY "schema_migrations"."version" ASC /*application='HandmadeSupportApp'*/[0m
Processing by Rails::WelcomeController#index as HTML
  Rendering C:/Ruby34-x64/lib/ruby/gems/3.4.0/gems/railties-8.1.3/lib/rails/templates/rails/welcome/index.html.erb
  Rendered C:/Ruby34-x64/lib/ruby/gems/3.4.0/gems/railties-8.1.3/lib/rails/templates/rails/welcome/index.html.erb (Duration: 0.6ms | GC: 0.0ms)
Completed 200 OK in 27ms (Views: 8.1ms | ActiveRecord: 0.0ms (0 queries, 0 cached) | GC: 0.0ms)


Started GET "/items" for ::1 at 2026-03-27 13:28:36 +0900
  
ActionDispatch::MissingController (uninitialized constant ItemsController)
Caused by: NameError (uninitialized constant ItemsController)

Information for: ActionDispatch::MissingController (uninitialized constant ItemsController):
  
actionpack (8.1.3) lib/action_dispatch/http/request.rb:101:in 'ActionDispatch::Request#controller_class_for'
actionpack (8.1.3) lib/action_dispatch/http/request.rb:90:in 'ActionDispatch::Request#controller_class'
actionpack (8.1.3) lib/action_dispatch/routing/route_set.rb:61:in 'ActionDispatch::Routing::RouteSet::Dispatcher#controller'
actionpack (8.1.3) lib/action_dispatch/routing/route_set.rb:48:in 'ActionDispatch::Routing::RouteSet::Dispatcher#serve'
actionpack (8.1.3) lib/action_dispatch/journey/router.rb:35:in 'block in ActionDispatch::Journey::Router#serve'
actionpack (8.1.3) lib/action_dispatch/journey/router.rb:86:in 'block in ActionDispatch::Journey::Router#recognize'
actionpack (8.1.3) lib/action_dispatch/journey/router.rb:66:in 'Array#each'
actionpack (8.1.3) lib/action_dispatch/journey/router.rb:66:in 'ActionDispatch::Journey::Router#recognize'
actionpack (8.1.3) lib/action_dispatch/journey/router.rb:31:in 'ActionDispatch::Journey::Router#serve'
actionpack (8.1.3) lib/action_dispatch/routing/route_set.rb:906:in 'ActionDispatch::Routing::RouteSet#call'
railties (8.1.3) lib/rails/engine/lazy_route_set.rb:60:in 'Rails::Engine::LazyRouteSet#call'
rack (3.2.5) lib/rack/tempfile_reaper.rb:20:in 'Rack::TempfileReaper#call'
rack (3.2.5) lib/rack/etag.rb:29:in 'Rack::ETag#call'
rack (3.2.5) lib/rack/conditional_get.rb:31:in 'Rack::ConditionalGet#call'
rack (3.2.5) lib/rack/head.rb:15:in 'Rack::Head#call'
actionpack (8.1.3) lib/action_dispatch/http/content_security_policy.rb:38:in 'ActionDispatch::ContentSecurityPolicy::Middleware#call'
rack-session (2.1.1) lib/rack/session/abstract/id.rb:274:in 'Rack::Session::Abstract::Persisted#context'
rack-session (2.1.1) lib/rack/session/abstract/id.rb:268:in 'Rack::Session::Abstract::Persisted#call'
actionpack (8.1.3) lib/action_dispatch/middleware/cookies.rb:708:in 'ActionDispatch::Cookies#call'
activerecord (8.1.3) lib/active_record/migration.rb:671:in 'ActiveRecord::Migration::CheckPending#call'
actionpack (8.1.3) lib/action_dispatch/middleware/callbacks.rb:31:in 'block in ActionDispatch::Callbacks#call'
activesupport (8.1.3) lib/active_support/callbacks.rb:101:in 'ActiveSupport::Callbacks#run_callbacks'
actionpack (8.1.3) lib/action_dispatch/middleware/callbacks.rb:30:in 'ActionDispatch::Callbacks#call'
actionpack (8.1.3) lib/action_dispatch/middleware/executor.rb:20:in 'ActionDispatch::Executor#call'
actionpack (8.1.3) lib/action_dispatch/middleware/actionable_exceptions.rb:18:in 'ActionDispatch::ActionableExceptions#call'
actionpack (8.1.3) lib/action_dispatch/middleware/debug_exceptions.rb:31:in 'ActionDispatch::DebugExceptions#call'
web-console (4.3.0) lib/web_console/middleware.rb:132:in 'WebConsole::Middleware#call_app'
web-console (4.3.0) lib/web_console/middleware.rb:28:in 'block in WebConsole::Middleware#call'
web-console (4.3.0) lib/web_console/middleware.rb:17:in 'Kernel#catch'
web-console (4.3.0) lib/web_console/middleware.rb:17:in 'WebConsole::Middleware#call'
actionpack (8.1.3) lib/action_dispatch/middleware/show_exceptions.rb:32:in 'ActionDispatch::ShowExceptions#call'
railties (8.1.3) lib/rails/rack/logger.rb:41:in 'Rails::Rack::Logger#call_app'
railties (8.1.3) lib/rails/rack/logger.rb:29:in 'Rails::Rack::Logger#call'
propshaft (1.3.1) lib/propshaft/quiet_assets.rb:11:in 'Propshaft::QuietAssets#call'
actionpack (8.1.3) lib/action_dispatch/middleware/remote_ip.rb:98:in 'ActionDispatch::RemoteIp#call'
actionpack (8.1.3) lib/action_dispatch/middleware/request_id.rb:34:in 'ActionDispatch::RequestId#call'
rack (3.2.5) lib/rack/method_override.rb:28:in 'Rack::MethodOverride#call'
rack (3.2.5) lib/rack/runtime.rb:24:in 'Rack::Runtime#call'
activesupport (8.1.3) lib/active_support/cache/strategy/local_cache_middleware.rb:30:in 'ActiveSupport::Cache::Strategy::LocalCache::Middleware#call'
actionpack (8.1.3) lib/action_dispatch/middleware/server_timing.rb:61:in 'block in ActionDispatch::ServerTiming#call'
actionpack (8.1.3) lib/action_dispatch/middleware/server_timing.rb:26:in 'ActionDispatch::ServerTiming::Subscriber#collect_events'
actionpack (8.1.3) lib/action_dispatch/middleware/server_timing.rb:60:in 'ActionDispatch::ServerTiming#call'
actionpack (8.1.3) lib/action_dispatch/middleware/executor.rb:20:in 'ActionDispatch::Executor#call'
propshaft (1.3.1) lib/propshaft/server.rb:37:in 'Propshaft::Server#call'
actionpack (8.1.3) lib/action_dispatch/middleware/static.rb:27:in 'ActionDispatch::Static#call'
rack (3.2.5) lib/rack/sendfile.rb:131:in 'Rack::Sendfile#call'
actionpack (8.1.3) lib/action_dispatch/middleware/host_authorization.rb:143:in 'ActionDispatch::HostAuthorization#call'
railties (8.1.3) lib/rails/engine.rb:534:in 'Rails::Engine#call'
puma (7.2.0) lib/puma/configuration.rb:296:in 'Puma::Configuration::ConfigMiddleware#call'
puma (7.2.0) lib/puma/request.rb:103:in 'block in Puma::Request#handle_request'
puma (7.2.0) lib/puma/thread_pool.rb:355:in 'Puma::ThreadPool#with_force_shutdown'
puma (7.2.0) lib/puma/request.rb:102:in 'Puma::Request#handle_request'
puma (7.2.0) lib/puma/server.rb:503:in 'Puma::Server#process_client'
puma (7.2.0) lib/puma/server.rb:262:in 'block in Puma::Server#run'
puma (7.2.0) lib/puma/thread_pool.rb:182:in 'block in Puma::ThreadPool#spawn_thread'

Information for cause: NameError (uninitialized constant ItemsController):
  
activesupport (8.1.3) lib/active_support/inflector/methods.rb:290:in 'ActiveSupport::Inflector#constantize'
activesupport (8.1.3) lib/active_support/core_ext/string/inflections.rb:74:in 'String#constantize'
actionpack (8.1.3) lib/action_dispatch/http/request.rb:98:in 'ActionDispatch::Request#controller_class_for'
actionpack (8.1.3) lib/action_dispatch/http/request.rb:90:in 'ActionDispatch::Request#controller_class'
actionpack (8.1.3) lib/action_dispatch/routing/route_set.rb:61:in 'ActionDispatch::Routing::RouteSet::Dispatcher#controller'
actionpack (8.1.3) lib/action_dispatch/routing/route_set.rb:48:in 'ActionDispatch::Routing::RouteSet::Dispatcher#serve'
actionpack (8.1.3) lib/action_dispatch/journey/router.rb:35:in 'block in ActionDispatch::Journey::Router#serve'
actionpack (8.1.3) lib/action_dispatch/journey/router.rb:86:in 'block in ActionDispatch::Journey::Router#recognize'
actionpack (8.1.3) lib/action_dispatch/journey/router.rb:66:in 'Array#each'
actionpack (8.1.3) lib/action_dispatch/journey/router.rb:66:in 'ActionDispatch::Journey::Router#recognize'
actionpack (8.1.3) lib/action_dispatch/journey/router.rb:31:in 'ActionDispatch::Journey::Router#serve'
actionpack (8.1.3) lib/action_dispatch/routing/route_set.rb:906:in 'ActionDispatch::Routing::RouteSet#call'
railties (8.1.3) lib/rails/engine/lazy_route_set.rb:60:in 'Rails::Engine::LazyRouteSet#call'
rack (3.2.5) lib/rack/tempfile_reaper.rb:20:in 'Rack::TempfileReaper#call'
rack (3.2.5) lib/rack/etag.rb:29:in 'Rack::ETag#call'
rack (3.2.5) lib/rack/conditional_get.rb:31:in 'Rack::ConditionalGet#call'
rack (3.2.5) lib/rack/head.rb:15:in 'Rack::Head#call'
actionpack (8.1.3) lib/action_dispatch/http/content_security_policy.rb:38:in 'ActionDispatch::ContentSecurityPolicy::Middleware#call'
rack-session (2.1.1) lib/rack/session/abstract/id.rb:274:in 'Rack::Session::Abstract::Persisted#context'
rack-session (2.1.1) lib/rack/session/abstract/id.rb:268:in 'Rack::Session::Abstract::Persisted#call'
actionpack (8.1.3) lib/action_dispatch/middleware/cookies.rb:708:in 'ActionDispatch::Cookies#call'
activerecord (8.1.3) lib/active_record/migration.rb:671:in 'ActiveRecord::Migration::CheckPending#call'
actionpack (8.1.3) lib/action_dispatch/middleware/callbacks.rb:31:in 'block in ActionDispatch::Callbacks#call'
activesupport (8.1.3) lib/active_support/callbacks.rb:101:in 'ActiveSupport::Callbacks#run_callbacks'
actionpack (8.1.3) lib/action_dispatch/middleware/callbacks.rb:30:in 'ActionDispatch::Callbacks#call'
actionpack (8.1.3) lib/action_dispatch/middleware/executor.rb:20:in 'ActionDispatch::Executor#call'
actionpack (8.1.3) lib/action_dispatch/middleware/actionable_exceptions.rb:18:in 'ActionDispatch::ActionableExceptions#call'
actionpack (8.1.3) lib/action_dispatch/middleware/debug_exceptions.rb:31:in 'ActionDispatch::DebugExceptions#call'
web-console (4.3.0) lib/web_console/middleware.rb:132:in 'WebConsole::Middleware#call_app'
web-console (4.3.0) lib/web_console/middleware.rb:28:in 'block in WebConsole::Middleware#call'
web-console (4.3.0) lib/web_console/middleware.rb:17:in 'Kernel#catch'
web-console (4.3.0) lib/web_console/middleware.rb:17:in 'WebConsole::Middleware#call'
actionpack (8.1.3) lib/action_dispatch/middleware/show_exceptions.rb:32:in 'ActionDispatch::ShowExceptions#call'
railties (8.1.3) lib/rails/rack/logger.rb:41:in 'Rails::Rack::Logger#call_app'
railties (8.1.3) lib/rails/rack/logger.rb:29:in 'Rails::Rack::Logger#call'
propshaft (1.3.1) lib/propshaft/quiet_assets.rb:11:in 'Propshaft::QuietAssets#call'
actionpack (8.1.3) lib/action_dispatch/middleware/remote_ip.rb:98:in 'ActionDispatch::RemoteIp#call'
actionpack (8.1.3) lib/action_dispatch/middleware/request_id.rb:34:in 'ActionDispatch::RequestId#call'
rack (3.2.5) lib/rack/method_override.rb:28:in 'Rack::MethodOverride#call'
rack (3.2.5) lib/rack/runtime.rb:24:in 'Rack::Runtime#call'
activesupport (8.1.3) lib/active_support/cache/strategy/local_cache_middleware.rb:30:in 'ActiveSupport::Cache::Strategy::LocalCache::Middleware#call'
actionpack (8.1.3) lib/action_dispatch/middleware/server_timing.rb:61:in 'block in ActionDispatch::ServerTiming#call'
actionpack (8.1.3) lib/action_dispatch/middleware/server_timing.rb:26:in 'ActionDispatch::ServerTiming::Subscriber#collect_events'
actionpack (8.1.3) lib/action_dispatch/middleware/server_timing.rb:60:in 'ActionDispatch::ServerTiming#call'
actionpack (8.1.3) lib/action_dispatch/middleware/executor.rb:20:in 'ActionDispatch::Executor#call'
propshaft (1.3.1) lib/propshaft/server.rb:37:in 'Propshaft::Server#call'
actionpack (8.1.3) lib/action_dispatch/middleware/static.rb:27:in 'ActionDispatch::Static#call'
rack (3.2.5) lib/rack/sendfile.rb:131:in 'Rack::Sendfile#call'
actionpack (8.1.3) lib/action_dispatch/middleware/host_authorization.rb:143:in 'ActionDispatch::HostAuthorization#call'
railties (8.1.3) lib/rails/engine.rb:534:in 'Rails::Engine#call'
puma (7.2.0) lib/puma/configuration.rb:296:in 'Puma::Configuration::ConfigMiddleware#call'
puma (7.2.0) lib/puma/request.rb:103:in 'block in Puma::Request#handle_request'
puma (7.2.0) lib/puma/thread_pool.rb:355:in 'Puma::ThreadPool#with_force_shutdown'
puma (7.2.0) lib/puma/request.rb:102:in 'Puma::Request#handle_request'
puma (7.2.0) lib/puma/server.rb:503:in 'Puma::Server#process_client'
puma (7.2.0) lib/puma/server.rb:262:in 'block in Puma::Server#run'
puma (7.2.0) lib/puma/thread_pool.rb:182:in 'block in Puma::ThreadPool#spawn_thread'
Started GET "/favicon.ico" for ::1 at 2026-03-27 13:28:37 +0900
  
ActionController::RoutingError (No route matches [GET] "/favicon.ico"):
  
Started GET "/items" for ::1 at 2026-03-27 13:33:08 +0900
  [1m[36mActiveRecord::SchemaMigration Load (0.2ms)[0m  [1m[34mSELECT "schema_migrations"."version" FROM "schema_migrations" ORDER BY "schema_migrations"."version" ASC /*application='HandmadeSupportApp'*/[0m
Processing by ItemsController#index as HTML
  Rendering layout layouts/application.html.erb
  Rendering items/index.html.erb within layouts/application
  Rendered items/index.html.erb within layouts/application (Duration: 0.3ms | GC: 0.0ms)
  Rendered layout layouts/application.html.erb (Duration: 7.0ms | GC: 0.0ms)
Completed 200 OK in 141ms (Views: 14.2ms | ActiveRecord: 0.0ms (0 queries, 0 cached) | GC: 0.0ms)


Started GET "/items" for ::1 at 2026-03-27 13:34:54 +0900
Processing by ItemsController#index as HTML
  Rendering layout layouts/application.html.erb
  Rendering items/index.html.erb within layouts/application
  [1m[36mItem Load (1.4ms)[0m  [1m[34mSELECT "items".* FROM "items" /*action='index',application='HandmadeSupportApp',controller='items'*/[0m
  ↳ app/views/items/index.html.erb:5
  Rendered items/index.html.erb within layouts/application (Duration: 5.2ms | GC: 0.0ms)
  Rendered layout layouts/application.html.erb (Duration: 35.1ms | GC: 0.0ms)
Completed 200 OK in 45ms (Views: 36.8ms | ActiveRecord: 2.2ms (1 query, 0 cached) | GC: 0.0ms)


Started GET "/items" for ::1 at 2026-03-27 13:44:19 +0900
  [1m[36mActiveRecord::SchemaMigration Load (0.2ms)[0m  [1m[34mSELECT "schema_migrations"."version" FROM "schema_migrations" ORDER BY "schema_migrations"."version" ASC /*application='HandmadeSupportApp'*/[0m
  
Zeitwerk::NameError (expected file C:/Users/ringg/handmade-support-app/app/controllers/items_controller.rb to define constant ItemsController, but didn't):
  
zeitwerk (2.7.5) lib/zeitwerk/loader/callbacks.rb:31:in 'Zeitwerk::Loader::Callbacks#on_file_autoloaded'
zeitwerk (2.7.5) lib/zeitwerk/core_ext/kernel.rb:27:in 'Kernel#require'
activesupport (8.1.3) lib/active_support/inflector/methods.rb:290:in 'Module#const_get'
activesupport (8.1.3) lib/active_support/inflector/methods.rb:290:in 'ActiveSupport::Inflector#constantize'
activesupport (8.1.3) lib/active_support/core_ext/string/inflections.rb:74:in 'String#constantize'
actionpack (8.1.3) lib/action_dispatch/http/request.rb:98:in 'ActionDispatch::Request#controller_class_for'
actionpack (8.1.3) lib/action_dispatch/request/utils.rb:108:in 'ActionDispatch::Request::Utils::CustomParamEncoder.action_encoding_template'
actionpack (8.1.3) lib/action_dispatch/request/utils.rb:102:in 'ActionDispatch::Request::Utils::CustomParamEncoder.encode'
actionpack (8.1.3) lib/action_dispatch/request/utils.rb:47:in 'ActionDispatch::Request::Utils.set_binary_encoding'
actionpack (8.1.3) lib/action_dispatch/http/parameters.rb:70:in 'ActionDispatch::Http::Parameters#path_parameters='
actionpack (8.1.3) lib/action_dispatch/journey/router.rb:32:in 'block in ActionDispatch::Journey::Router#serve'
actionpack (8.1.3) lib/action_dispatch/journey/router.rb:86:in 'block in ActionDispatch::Journey::Router#recognize'
actionpack (8.1.3) lib/action_dispatch/journey/router.rb:66:in 'Array#each'
actionpack (8.1.3) lib/action_dispatch/journey/router.rb:66:in 'ActionDispatch::Journey::Router#recognize'
actionpack (8.1.3) lib/action_dispatch/journey/router.rb:31:in 'ActionDispatch::Journey::Router#serve'
actionpack (8.1.3) lib/action_dispatch/routing/route_set.rb:906:in 'ActionDispatch::Routing::RouteSet#call'
railties (8.1.3) lib/rails/engine/lazy_route_set.rb:60:in 'Rails::Engine::LazyRouteSet#call'
rack (3.2.5) lib/rack/tempfile_reaper.rb:20:in 'Rack::TempfileReaper#call'
rack (3.2.5) lib/rack/etag.rb:29:in 'Rack::ETag#call'
rack (3.2.5) lib/rack/conditional_get.rb:31:in 'Rack::ConditionalGet#call'
rack (3.2.5) lib/rack/head.rb:15:in 'Rack::Head#call'
actionpack (8.1.3) lib/action_dispatch/http/content_security_policy.rb:38:in 'ActionDispatch::ContentSecurityPolicy::Middleware#call'
rack-session (2.1.1) lib/rack/session/abstract/id.rb:274:in 'Rack::Session::Abstract::Persisted#context'
rack-session (2.1.1) lib/rack/session/abstract/id.rb:268:in 'Rack::Session::Abstract::Persisted#call'
actionpack (8.1.3) lib/action_dispatch/middleware/cookies.rb:708:in 'ActionDispatch::Cookies#call'
activerecord (8.1.3) lib/active_record/migration.rb:671:in 'ActiveRecord::Migration::CheckPending#call'
actionpack (8.1.3) lib/action_dispatch/middleware/callbacks.rb:31:in 'block in ActionDispatch::Callbacks#call'
activesupport (8.1.3) lib/active_support/callbacks.rb:101:in 'ActiveSupport::Callbacks#run_callbacks'
actionpack (8.1.3) lib/action_dispatch/middleware/callbacks.rb:30:in 'ActionDispatch::Callbacks#call'
actionpack (8.1.3) lib/action_dispatch/middleware/executor.rb:20:in 'ActionDispatch::Executor#call'
actionpack (8.1.3) lib/action_dispatch/middleware/actionable_exceptions.rb:18:in 'ActionDispatch::ActionableExceptions#call'
actionpack (8.1.3) lib/action_dispatch/middleware/debug_exceptions.rb:31:in 'ActionDispatch::DebugExceptions#call'
web-console (4.3.0) lib/web_console/middleware.rb:132:in 'WebConsole::Middleware#call_app'
web-console (4.3.0) lib/web_console/middleware.rb:28:in 'block in WebConsole::Middleware#call'
web-console (4.3.0) lib/web_console/middleware.rb:17:in 'Kernel#catch'
web-console (4.3.0) lib/web_console/middleware.rb:17:in 'WebConsole::Middleware#call'
actionpack (8.1.3) lib/action_dispatch/middleware/show_exceptions.rb:32:in 'ActionDispatch::ShowExceptions#call'
railties (8.1.3) lib/rails/rack/logger.rb:41:in 'Rails::Rack::Logger#call_app'
railties (8.1.3) lib/rails/rack/logger.rb:29:in 'Rails::Rack::Logger#call'
propshaft (1.3.1) lib/propshaft/quiet_assets.rb:11:in 'Propshaft::QuietAssets#call'
actionpack (8.1.3) lib/action_dispatch/middleware/remote_ip.rb:98:in 'ActionDispatch::RemoteIp#call'
actionpack (8.1.3) lib/action_dispatch/middleware/request_id.rb:34:in 'ActionDispatch::RequestId#call'
rack (3.2.5) lib/rack/method_override.rb:28:in 'Rack::MethodOverride#call'
rack (3.2.5) lib/rack/runtime.rb:24:in 'Rack::Runtime#call'
activesupport (8.1.3) lib/active_support/cache/strategy/local_cache_middleware.rb:30:in 'ActiveSupport::Cache::Strategy::LocalCache::Middleware#call'
actionpack (8.1.3) lib/action_dispatch/middleware/server_timing.rb:61:in 'block in ActionDispatch::ServerTiming#call'
actionpack (8.1.3) lib/action_dispatch/middleware/server_timing.rb:26:in 'ActionDispatch::ServerTiming::Subscriber#collect_events'
actionpack (8.1.3) lib/action_dispatch/middleware/server_timing.rb:60:in 'ActionDispatch::ServerTiming#call'
actionpack (8.1.3) lib/action_dispatch/middleware/executor.rb:20:in 'ActionDispatch::Executor#call'
propshaft (1.3.1) lib/propshaft/server.rb:37:in 'Propshaft::Server#call'
actionpack (8.1.3) lib/action_dispatch/middleware/static.rb:27:in 'ActionDispatch::Static#call'
rack (3.2.5) lib/rack/sendfile.rb:131:in 'Rack::Sendfile#call'
actionpack (8.1.3) lib/action_dispatch/middleware/host_authorization.rb:143:in 'ActionDispatch::HostAuthorization#call'
railties (8.1.3) lib/rails/engine.rb:534:in 'Rails::Engine#call'
puma (7.2.0) lib/puma/configuration.rb:296:in 'Puma::Configuration::ConfigMiddleware#call'
puma (7.2.0) lib/puma/request.rb:103:in 'block in Puma::Request#handle_request'
puma (7.2.0) lib/puma/thread_pool.rb:355:in 'Puma::ThreadPool#with_force_shutdown'
puma (7.2.0) lib/puma/request.rb:102:in 'Puma::Request#handle_request'
puma (7.2.0) lib/puma/server.rb:503:in 'Puma::Server#process_client'
puma (7.2.0) lib/puma/server.rb:262:in 'block in Puma::Server#run'
puma (7.2.0) lib/puma/thread_pool.rb:182:in 'block in Puma::ThreadPool#spawn_thread'
Started GET "/items" for ::1 at 2026-03-27 13:47:15 +0900
  [1m[36mActiveRecord::SchemaMigration Load (1.0ms)[0m  [1m[34mSELECT "schema_migrations"."version" FROM "schema_migrations" ORDER BY "schema_migrations"."version" ASC /*application='HandmadeSupportApp'*/[0m
Processing by ItemsController#index as HTML
  Rendering layout layouts/application.html.erb
  Rendering items/index.html.erb within layouts/application
  Rendered items/index.html.erb within layouts/application (Duration: 2.1ms | GC: 0.0ms)
  Rendered layout layouts/application.html.erb (Duration: 3.5ms | GC: 0.0ms)
Completed 500 Internal Server Error in 51ms (ActiveRecord: 0.0ms (0 queries, 0 cached) | GC: 0.0ms)


  
ActionView::Template::Error (undefined method 'each' for nil)
Caused by: NoMethodError (undefined method 'each' for nil)

Information for: ActionView::Template::Error (undefined method 'each' for nil):
    4: 
    5: <ul>
    6:   <% @items.each do |item| %>
    7:     <li>
    8:       <strong><%= item.title %></strong>:
    9:       <%= item.description %> -
   10:       ¥<%= item.price %> (在庫: <%= item.stock %>)
  
app/views/items/index.html.erb:7

Information for cause: NoMethodError (undefined method 'each' for nil):
  
app/views/items/index.html.erb:7
Started GET "/items" for ::1 at 2026-03-27 13:50:08 +0900
  [1m[36mActiveRecord::SchemaMigration Load (0.3ms)[0m  [1m[34mSELECT "schema_migrations"."version" FROM "schema_migrations" ORDER BY "schema_migrations"."version" ASC /*application='HandmadeSupportApp'*/[0m
Processing by ItemsController#index as HTML
  Rendering layout layouts/application.html.erb
  Rendering items/index.html.erb within layouts/application
  Rendered items/index.html.erb within layouts/application (Duration: 2.0ms | GC: 0.0ms)
  Rendered layout layouts/application.html.erb (Duration: 2.9ms | GC: 0.0ms)
Completed 500 Internal Server Error in 34ms (ActiveRecord: 0.0ms (0 queries, 0 cached) | GC: 0.0ms)


  
ActionView::Template::Error (undefined method 'each' for nil)
Caused by: NoMethodError (undefined method 'each' for nil)

Information for: ActionView::Template::Error (undefined method 'each' for nil):
    4: 
    5: <ul>
    6:   <% @items.each do |item| %>
    7:     <li>
    8:       <strong><%= item.title %></strong>:
    9:       <%= item.description %> -
   10:       ¥<%= item.price %> (在庫: <%= item.stock %>)
  
app/views/items/index.html.erb:7

Information for cause: NoMethodError (undefined method 'each' for nil):
  
app/views/items/index.html.erb:7
Started GET "/items" for ::1 at 2026-03-27 13:50:16 +0900
Processing by ItemsController#index as HTML
  Rendering layout layouts/application.html.erb
  Rendering items/index.html.erb within layouts/application
  Rendered items/index.html.erb within layouts/application (Duration: 0.6ms | GC: 0.0ms)
  Rendered layout layouts/application.html.erb (Duration: 1.7ms | GC: 0.0ms)
Completed 500 Internal Server Error in 7ms (ActiveRecord: 0.0ms (0 queries, 0 cached) | GC: 0.0ms)


  
ActionView::Template::Error (undefined method 'each' for nil)
Caused by: NoMethodError (undefined method 'each' for nil)

Information for: ActionView::Template::Error (undefined method 'each' for nil):
    4: 
    5: <ul>
    6:   <% @items.each do |item| %>
    7:     <li>
    8:       <strong><%= item.title %></strong>:
    9:       <%= item.description %> -
   10:       ¥<%= item.price %> (在庫: <%= item.stock %>)
  
app/views/items/index.html.erb:7

Information for cause: NoMethodError (undefined method 'each' for nil):
  
app/views/items/index.html.erb:7
Started GET "/items" for ::1 at 2026-03-27 13:53:07 +0900
  [1m[36mActiveRecord::SchemaMigration Load (0.2ms)[0m  [1m[34mSELECT "schema_migrations"."version" FROM "schema_migrations" ORDER BY "schema_migrations"."version" ASC /*application='HandmadeSupportApp'*/[0m
Processing by ItemsController#index as HTML
  Rendering layout layouts/application.html.erb
  Rendering items/index.html.erb within layouts/application
  Rendered items/index.html.erb within layouts/application (Duration: 1.7ms | GC: 0.0ms)
  Rendered layout layouts/application.html.erb (Duration: 2.6ms | GC: 0.0ms)
Completed 500 Internal Server Error in 52ms (ActiveRecord: 0.0ms (0 queries, 0 cached) | GC: 0.0ms)


  
ActionView::Template::Error (undefined method 'each' for nil)
Caused by: NoMethodError (undefined method 'each' for nil)

Information for: ActionView::Template::Error (undefined method 'each' for nil):
    4: 
    5: <ul>
    6:   <% @items.each do |item| %>
    7:     <li>
    8:       <strong><%= item.title %></strong>:
    9:       <%= item.description %> -
   10:       ¥<%= item.price %> (在庫: <%= item.stock %>)
  
app/views/items/index.html.erb:7

Information for cause: NoMethodError (undefined method 'each' for nil):
  
app/views/items/index.html.erb:7
  [1m[36mItem Load (2.9ms)[0m  [1m[34mSELECT "items".* FROM "items" /* loading for pp */ LIMIT 11 /*application='HandmadeSupportApp'*/[0m
  [1m[36mTRANSACTION (0.2ms)[0m  [1m[35mBEGIN immediate TRANSACTION /*application='HandmadeSupportApp'*/[0m
  [1m[36mItem Create (1.2ms)[0m  [1m[32mINSERT INTO "items" ("title", "description", "price", "stock", "created_at", "updated_at") VALUES ('test', 'test', 100, 10, '2026-03-27 05:02:48.185440', '2026-03-27 05:02:48.185440') RETURNING "id" /*application='HandmadeSupportApp'*/[0m
  [1m[36mTRANSACTION (20.7ms)[0m  [1m[35mCOMMIT TRANSACTION /*application='HandmadeSupportApp'*/[0m
Started GET "/items" for ::1 at 2026-03-27 14:03:32 +0900
  [1m[36mActiveRecord::SchemaMigration Load (0.7ms)[0m  [1m[34mSELECT "schema_migrations"."version" FROM "schema_migrations" ORDER BY "schema_migrations"."version" ASC /*application='HandmadeSupportApp'*/[0m
Processing by ItemsController#index as HTML
  Rendering layout layouts/application.html.erb
  Rendering items/index.html.erb within layouts/application
  [1m[36mItem Load (1.6ms)[0m  [1m[34mSELECT "items".* FROM "items" /*action='index',application='HandmadeSupportApp',controller='items'*/[0m
  ↳ app/views/items/index.html.erb:7
  Rendered items/index.html.erb within layouts/application (Duration: 7.0ms | GC: 0.0ms)
  Rendered layout layouts/application.html.erb (Duration: 17.6ms | GC: 0.0ms)
Completed 200 OK in 76ms (Views: 23.4ms | ActiveRecord: 3.0ms (1 query, 0 cached) | GC: 0.0ms)


Started GET "/items" for ::1 at 2026-03-30 11:42:43 +0900
  [1m[36mActiveRecord::SchemaMigration Load (0.6ms)[0m  [1m[34mSELECT "schema_migrations"."version" FROM "schema_migrations" ORDER BY "schema_migrations"."version" ASC /*application='HandmadeSupportApp'*/[0m
Processing by ItemsController#index as HTML
  Rendering layout layouts/application.html.erb
  Rendering items/index.html.erb within layouts/application
  [1m[36mItem Load (4.0ms)[0m  [1m[34mSELECT "items".* FROM "items" /*action='index',application='HandmadeSupportApp',controller='items'*/[0m
  ↳ app/views/items/index.html.erb:7
  Rendered items/index.html.erb within layouts/application (Duration: 25.7ms | GC: 0.0ms)
  Rendered layout layouts/application.html.erb (Duration: 52.3ms | GC: 0.0ms)
Completed 200 OK in 267ms (Views: 78.8ms | ActiveRecord: 7.4ms (1 query, 0 cached) | GC: 0.0ms)


Started GET "/items/new" for ::1 at 2026-03-30 11:42:52 +0900
Processing by ItemsController#new as HTML
  Rendering layout layouts/application.html.erb
  Rendering items/new.html.erb within layouts/application
  Rendered items/new.html.erb within layouts/application (Duration: 88.6ms | GC: 0.0ms)
  Rendered layout layouts/application.html.erb (Duration: 90.6ms | GC: 0.0ms)
Completed 200 OK in 105ms (Views: 92.4ms | ActiveRecord: 0.0ms (0 queries, 0 cached) | GC: 0.0ms)


Started GET "/items" for ::1 at 2026-03-30 11:42:57 +0900
Processing by ItemsController#index as HTML
  Rendering layout layouts/application.html.erb
  Rendering items/index.html.erb within layouts/application
  [1m[36mItem Load (0.5ms)[0m  [1m[34mSELECT "items".* FROM "items" /*action='index',application='HandmadeSupportApp',controller='items'*/[0m
  ↳ app/views/items/index.html.erb:7
  Rendered items/index.html.erb within layouts/application (Duration: 9.9ms | GC: 0.0ms)
  Rendered layout layouts/application.html.erb (Duration: 16.4ms | GC: 0.0ms)
Completed 200 OK in 28ms (Views: 21.7ms | ActiveRecord: 0.5ms (1 query, 0 cached) | GC: 0.0ms)


Started GET "/index" for ::1 at 2026-03-30 13:59:46 +0900
  
ActionController::RoutingError (No route matches [GET] "/index"):
  
Started GET "/favicon.ico" for ::1 at 2026-03-30 13:59:47 +0900
  
ActionController::RoutingError (No route matches [GET] "/favicon.ico"):
  
Started GET "/" for ::1 at 2026-03-30 13:59:54 +0900
Processing by ItemsController#index as HTML
  Rendering layout layouts/application.html.erb
  Rendering items/index.html.erb within layouts/application
  [1m[36mItem Load (3.5ms)[0m  [1m[34mSELECT "items".* FROM "items" /*action='index',application='HandmadeSupportApp',controller='items'*/[0m
  ↳ app/views/items/index.html.erb:7
  Rendered items/index.html.erb within layouts/application (Duration: 6.9ms | GC: 0.0ms)
  Rendered layout layouts/application.html.erb (Duration: 8.6ms | GC: 0.0ms)
Completed 200 OK in 18ms (Views: 6.5ms | ActiveRecord: 3.5ms (1 query, 0 cached) | GC: 0.0ms)


Started GET "/items" for ::1 at 2026-03-30 14:00:17 +0900
Processing by ItemsController#index as HTML
  Rendering layout layouts/application.html.erb
  Rendering items/index.html.erb within layouts/application
  [1m[36mItem Load (0.3ms)[0m  [1m[34mSELECT "items".* FROM "items" /*action='index',application='HandmadeSupportApp',controller='items'*/[0m
  ↳ app/views/items/index.html.erb:7
  Rendered items/index.html.erb within layouts/application (Duration: 3.4ms | GC: 0.0ms)
  Rendered layout layouts/application.html.erb (Duration: 5.3ms | GC: 0.0ms)
Completed 200 OK in 10ms (Views: 6.4ms | ActiveRecord: 0.3ms (1 query, 0 cached) | GC: 0.0ms)


Started GET "/items/new" for ::1 at 2026-03-30 14:00:25 +0900
Processing by ItemsController#new as HTML
  Rendering layout layouts/application.html.erb
  Rendering items/new.html.erb within layouts/application
  Rendered items/new.html.erb within layouts/application (Duration: 1.7ms | GC: 0.0ms)
  Rendered layout layouts/application.html.erb (Duration: 3.1ms | GC: 0.0ms)
Completed 200 OK in 7ms (Views: 4.5ms | ActiveRecord: 0.0ms (0 queries, 0 cached) | GC: 0.0ms)


Started GET "/items" for ::1 at 2026-03-30 14:00:29 +0900
Processing by ItemsController#index as HTML
  Rendering layout layouts/application.html.erb
  Rendering items/index.html.erb within layouts/application
  [1m[36mItem Load (0.3ms)[0m  [1m[34mSELECT "items".* FROM "items" /*action='index',application='HandmadeSupportApp',controller='items'*/[0m
  ↳ app/views/items/index.html.erb:7
  Rendered items/index.html.erb within layouts/application (Duration: 3.1ms | GC: 0.0ms)
  Rendered layout layouts/application.html.erb (Duration: 4.8ms | GC: 0.0ms)
Completed 200 OK in 10ms (Views: 5.6ms | ActiveRecord: 0.2ms (1 query, 0 cached) | GC: 0.0ms)


Started GET "/items" for ::1 at 2026-03-30 14:01:15 +0900
Processing by ItemsController#index as HTML
  Rendering layout layouts/application.html.erb
  Rendering items/index.html.erb within layouts/application
  [1m[36mItem Load (1.9ms)[0m  [1m[34mSELECT "items".* FROM "items" /*action='index',application='HandmadeSupportApp',controller='items'*/[0m
  ↳ app/views/items/index.html.erb:7
  Rendered items/index.html.erb within layouts/application (Duration: 8.5ms | GC: 0.0ms)
  Rendered layout layouts/application.html.erb (Duration: 10.8ms | GC: 0.0ms)
Completed 200 OK in 24ms (Views: 15.7ms | ActiveRecord: 2.3ms (1 query, 0 cached) | GC: 0.0ms)


Started GET "/items" for ::1 at 2026-03-30 14:02:10 +0900
Processing by ItemsController#index as HTML
  Rendering layout layouts/application.html.erb
  Rendering items/index.html.erb within layouts/application
  [1m[36mItem Load (3.4ms)[0m  [1m[34mSELECT "items".* FROM "items" /*action='index',application='HandmadeSupportApp',controller='items'*/[0m
  ↳ app/views/items/index.html.erb:15
  Rendered items/index.html.erb within layouts/application (Duration: 10.1ms | GC: 0.0ms)
  Rendered layout layouts/application.html.erb (Duration: 13.0ms | GC: 0.0ms)
Completed 200 OK in 30ms (Views: 14.7ms | ActiveRecord: 3.9ms (1 query, 0 cached) | GC: 0.0ms)


Started GET "/items" for ::1 at 2026-03-30 14:05:16 +0900
Processing by ItemsController#index as HTML
  Rendering layout layouts/application.html.erb
  Rendering items/index.html.erb within layouts/application
  [1m[36mItem Load (3.3ms)[0m  [1m[34mSELECT "items".* FROM "items" /*action='index',application='HandmadeSupportApp',controller='items'*/[0m
  ↳ app/views/items/index.html.erb:15
  Rendered items/index.html.erb within layouts/application (Duration: 27.5ms | GC: 0.0ms)
  Rendered layout layouts/application.html.erb (Duration: 28.7ms | GC: 0.0ms)
Completed 500 Internal Server Error in 52ms (ActiveRecord: 3.9ms (1 query, 0 cached) | GC: 0.0ms)


  
ActionView::Template::Error (undefined method 'item_path' for an instance of #<Class:0x000001bb1b6e6b80>)
Caused by: NoMethodError (undefined method 'item_path' for an instance of #<Class:0x000001bb1b6e6b80>)

Information for: ActionView::Template::Error (undefined method 'item_path' for an instance of #<Class:0x000001bb1b6e6b80>):
    14:   <% @items.each do |item| %>
    15:     <tr>
    16:       <td><%= link_to item.title, item_path(item) %></td>
    17:       <td><%= item.description %></td>
    18:       <td><%= item.price %>円</td>
    19:       <td><%= item.stock %></td>
    20:     </tr>
  
app/views/items/index.html.erb:17
app/views/items/index.html.erb:15

Information for cause: NoMethodError (undefined method 'item_path' for an instance of #<Class:0x000001bb1b6e6b80>):
  
app/views/items/index.html.erb:17
app/views/items/index.html.erb:15
Started GET "/items" for ::1 at 2026-03-30 14:13:10 +0900
Processing by ItemsController#index as HTML
  Rendering layout layouts/application.html.erb
  Rendering items/index.html.erb within layouts/application
  [1m[36mItem Load (4.8ms)[0m  [1m[34mSELECT "items".* FROM "items" /*action='index',application='HandmadeSupportApp',controller='items'*/[0m
  ↳ app/views/items/index.html.erb:15
  Rendered items/index.html.erb within layouts/application (Duration: 15.1ms | GC: 0.0ms)
  Rendered layout layouts/application.html.erb (Duration: 19.2ms | GC: 0.0ms)
Completed 200 OK in 46ms (Views: 28.2ms | ActiveRecord: 4.8ms (1 query, 0 cached) | GC: 0.0ms)


Started GET "/items/1" for ::1 at 2026-03-30 14:13:13 +0900
  
AbstractController::ActionNotFound (The action 'show' could not be found for ItemsController):
  
actionpack (8.1.3) lib/abstract_controller/base.rb:149:in 'AbstractController::Base#process'
actionview (8.1.3) lib/action_view/rendering.rb:40:in 'ActionView::Rendering#process'
actionpack (8.1.3) lib/action_controller/metal.rb:252:in 'ActionController::Metal#dispatch'
actionpack (8.1.3) lib/action_controller/metal.rb:335:in 'ActionController::Metal.dispatch'
actionpack (8.1.3) lib/action_dispatch/routing/route_set.rb:65:in 'ActionDispatch::Routing::RouteSet::Dispatcher#dispatch'
actionpack (8.1.3) lib/action_dispatch/routing/route_set.rb:50:in 'ActionDispatch::Routing::RouteSet::Dispatcher#serve'
actionpack (8.1.3) lib/action_dispatch/journey/router.rb:35:in 'block in ActionDispatch::Journey::Router#serve'
actionpack (8.1.3) lib/action_dispatch/journey/router.rb:86:in 'block in ActionDispatch::Journey::Router#recognize'
actionpack (8.1.3) lib/action_dispatch/journey/router.rb:66:in 'Array#each'
actionpack (8.1.3) lib/action_dispatch/journey/router.rb:66:in 'ActionDispatch::Journey::Router#recognize'
actionpack (8.1.3) lib/action_dispatch/journey/router.rb:31:in 'ActionDispatch::Journey::Router#serve'
actionpack (8.1.3) lib/action_dispatch/routing/route_set.rb:906:in 'ActionDispatch::Routing::RouteSet#call'
railties (8.1.3) lib/rails/engine/lazy_route_set.rb:60:in 'Rails::Engine::LazyRouteSet#call'
rack (3.2.5) lib/rack/tempfile_reaper.rb:20:in 'Rack::TempfileReaper#call'
rack (3.2.5) lib/rack/etag.rb:29:in 'Rack::ETag#call'
rack (3.2.5) lib/rack/conditional_get.rb:31:in 'Rack::ConditionalGet#call'
rack (3.2.5) lib/rack/head.rb:15:in 'Rack::Head#call'
actionpack (8.1.3) lib/action_dispatch/http/content_security_policy.rb:38:in 'ActionDispatch::ContentSecurityPolicy::Middleware#call'
rack-session (2.1.1) lib/rack/session/abstract/id.rb:274:in 'Rack::Session::Abstract::Persisted#context'
rack-session (2.1.1) lib/rack/session/abstract/id.rb:268:in 'Rack::Session::Abstract::Persisted#call'
actionpack (8.1.3) lib/action_dispatch/middleware/cookies.rb:708:in 'ActionDispatch::Cookies#call'
activerecord (8.1.3) lib/active_record/migration.rb:671:in 'ActiveRecord::Migration::CheckPending#call'
actionpack (8.1.3) lib/action_dispatch/middleware/callbacks.rb:31:in 'block in ActionDispatch::Callbacks#call'
activesupport (8.1.3) lib/active_support/callbacks.rb:101:in 'ActiveSupport::Callbacks#run_callbacks'
actionpack (8.1.3) lib/action_dispatch/middleware/callbacks.rb:30:in 'ActionDispatch::Callbacks#call'
actionpack (8.1.3) lib/action_dispatch/middleware/executor.rb:20:in 'ActionDispatch::Executor#call'
actionpack (8.1.3) lib/action_dispatch/middleware/actionable_exceptions.rb:18:in 'ActionDispatch::ActionableExceptions#call'
actionpack (8.1.3) lib/action_dispatch/middleware/debug_exceptions.rb:31:in 'ActionDispatch::DebugExceptions#call'
web-console (4.3.0) lib/web_console/middleware.rb:132:in 'WebConsole::Middleware#call_app'
web-console (4.3.0) lib/web_console/middleware.rb:28:in 'block in WebConsole::Middleware#call'
web-console (4.3.0) lib/web_console/middleware.rb:17:in 'Kernel#catch'
web-console (4.3.0) lib/web_console/middleware.rb:17:in 'WebConsole::Middleware#call'
actionpack (8.1.3) lib/action_dispatch/middleware/show_exceptions.rb:32:in 'ActionDispatch::ShowExceptions#call'
railties (8.1.3) lib/rails/rack/logger.rb:41:in 'Rails::Rack::Logger#call_app'
railties (8.1.3) lib/rails/rack/logger.rb:29:in 'Rails::Rack::Logger#call'
propshaft (1.3.1) lib/propshaft/quiet_assets.rb:11:in 'Propshaft::QuietAssets#call'
actionpack (8.1.3) lib/action_dispatch/middleware/remote_ip.rb:98:in 'ActionDispatch::RemoteIp#call'
actionpack (8.1.3) lib/action_dispatch/middleware/request_id.rb:34:in 'ActionDispatch::RequestId#call'
rack (3.2.5) lib/rack/method_override.rb:28:in 'Rack::MethodOverride#call'
rack (3.2.5) lib/rack/runtime.rb:24:in 'Rack::Runtime#call'
activesupport (8.1.3) lib/active_support/cache/strategy/local_cache_middleware.rb:30:in 'ActiveSupport::Cache::Strategy::LocalCache::Middleware#call'
actionpack (8.1.3) lib/action_dispatch/middleware/server_timing.rb:61:in 'block in ActionDispatch::ServerTiming#call'
actionpack (8.1.3) lib/action_dispatch/middleware/server_timing.rb:26:in 'ActionDispatch::ServerTiming::Subscriber#collect_events'
actionpack (8.1.3) lib/action_dispatch/middleware/server_timing.rb:60:in 'ActionDispatch::ServerTiming#call'
actionpack (8.1.3) lib/action_dispatch/middleware/executor.rb:20:in 'ActionDispatch::Executor#call'
propshaft (1.3.1) lib/propshaft/server.rb:37:in 'Propshaft::Server#call'
actionpack (8.1.3) lib/action_dispatch/middleware/static.rb:27:in 'ActionDispatch::Static#call'
rack (3.2.5) lib/rack/sendfile.rb:131:in 'Rack::Sendfile#call'
actionpack (8.1.3) lib/action_dispatch/middleware/host_authorization.rb:143:in 'ActionDispatch::HostAuthorization#call'
railties (8.1.3) lib/rails/engine.rb:534:in 'Rails::Engine#call'
puma (7.2.0) lib/puma/configuration.rb:296:in 'Puma::Configuration::ConfigMiddleware#call'
puma (7.2.0) lib/puma/request.rb:103:in 'block in Puma::Request#handle_request'
puma (7.2.0) lib/puma/thread_pool.rb:355:in 'Puma::ThreadPool#with_force_shutdown'
puma (7.2.0) lib/puma/request.rb:102:in 'Puma::Request#handle_request'
puma (7.2.0) lib/puma/server.rb:503:in 'Puma::Server#process_client'
puma (7.2.0) lib/puma/server.rb:262:in 'block in Puma::Server#run'
puma (7.2.0) lib/puma/thread_pool.rb:182:in 'block in Puma::ThreadPool#spawn_thread'
Started GET "/items" for ::1 at 2026-03-30 14:19:00 +0900
  [1m[36mActiveRecord::SchemaMigration Load (0.2ms)[0m  [1m[34mSELECT "schema_migrations"."version" FROM "schema_migrations" ORDER BY "schema_migrations"."version" ASC /*application='HandmadeSupportApp'*/[0m
Processing by ItemsController#index as HTML
  Rendering layout layouts/application.html.erb
  Rendering items/index.html.erb within layouts/application
  [1m[36mItem Load (2.0ms)[0m  [1m[34mSELECT "items".* FROM "items" /*action='index',application='HandmadeSupportApp',controller='items'*/[0m
  ↳ app/views/items/index.html.erb:15
  Rendered items/index.html.erb within layouts/application (Duration: 9.4ms | GC: 0.0ms)
  Rendered layout layouts/application.html.erb (Duration: 24.9ms | GC: 0.0ms)
Completed 200 OK in 85ms (Views: 29.3ms | ActiveRecord: 3.6ms (1 query, 0 cached) | GC: 0.0ms)


Started GET "/items/1" for ::1 at 2026-03-30 14:19:03 +0900
Processing by ItemsController#show as HTML
  Parameters: {"id" => "1"}
  [1m[36mItem Load (0.2ms)[0m  [1m[34mSELECT "items".* FROM "items" WHERE "items"."id" = 1 LIMIT 1 /*action='show',application='HandmadeSupportApp',controller='items'*/[0m
  ↳ app/controllers/items_controller.rb:11:in 'ItemsController#show'
  Rendering layout layouts/application.html.erb
  Rendering items/show.html.erb within layouts/application
  Rendered items/show.html.erb within layouts/application (Duration: 0.8ms | GC: 0.0ms)
  Rendered layout layouts/application.html.erb (Duration: 2.1ms | GC: 0.0ms)
Completed 200 OK in 49ms (Views: 3.0ms | ActiveRecord: 0.2ms (1 query, 0 cached) | GC: 0.0ms)


Started GET "/items" for ::1 at 2026-03-30 14:20:26 +0900
Processing by ItemsController#index as HTML
  Rendering layout layouts/application.html.erb
  Rendering items/index.html.erb within layouts/application
  [1m[36mItem Load (0.3ms)[0m  [1m[34mSELECT "items".* FROM "items" /*action='index',application='HandmadeSupportApp',controller='items'*/[0m
  ↳ app/views/items/index.html.erb:15
  Rendered items/index.html.erb within layouts/application (Duration: 7.2ms | GC: 0.0ms)
  Rendered layout layouts/application.html.erb (Duration: 10.4ms | GC: 0.0ms)
Completed 200 OK in 21ms (Views: 12.1ms | ActiveRecord: 0.3ms (1 query, 0 cached) | GC: 0.0ms)


Started GET "/items" for ::1 at 2026-03-30 14:24:48 +0900
Processing by ItemsController#index as HTML
  Rendering layout layouts/application.html.erb
  Rendering items/index.html.erb within layouts/application
  [1m[36mItem Load (4.8ms)[0m  [1m[34mSELECT "items".* FROM "items" /*action='index',application='HandmadeSupportApp',controller='items'*/[0m
  ↳ app/views/items/index.html.erb:12
  Rendered items/index.html.erb within layouts/application (Duration: 21.2ms | GC: 0.0ms)
  Rendered layout layouts/application.html.erb (Duration: 26.3ms | GC: 0.0ms)
Completed 200 OK in 57ms (Views: 34.7ms | ActiveRecord: 6.1ms (1 query, 0 cached) | GC: 0.0ms)


Started GET "/items" for ::1 at 2026-03-30 14:25:04 +0900
Processing by ItemsController#index as HTML
  Rendering layout layouts/application.html.erb
  Rendering items/index.html.erb within layouts/application
  [1m[36mItem Load (4.6ms)[0m  [1m[34mSELECT "items".* FROM "items" /*action='index',application='HandmadeSupportApp',controller='items'*/[0m
  ↳ app/views/items/index.html.erb:12
  Rendered items/index.html.erb within layouts/application (Duration: 18.6ms | GC: 0.0ms)
  Rendered layout layouts/application.html.erb (Duration: 24.4ms | GC: 0.0ms)
Completed 200 OK in 51ms (Views: 30.5ms | ActiveRecord: 5.9ms (1 query, 0 cached) | GC: 0.0ms)


Started GET "/items" for ::1 at 2026-03-30 14:26:51 +0900
Processing by ItemsController#index as HTML
  Rendering layout layouts/application.html.erb
  Rendering items/index.html.erb within layouts/application
  [1m[36mItem Load (5.4ms)[0m  [1m[34mSELECT "items".* FROM "items" /*action='index',application='HandmadeSupportApp',controller='items'*/[0m
  ↳ app/views/items/index.html.erb:12
  Rendered items/index.html.erb within layouts/application (Duration: 20.5ms | GC: 0.0ms)
  Rendered layout layouts/application.html.erb (Duration: 25.0ms | GC: 0.0ms)
Completed 200 OK in 54ms (Views: 31.3ms | ActiveRecord: 6.5ms (1 query, 0 cached) | GC: 0.0ms)


Started GET "/items" for ::1 at 2026-03-30 14:27:32 +0900
Processing by ItemsController#index as HTML
  Rendering layout layouts/application.html.erb
  Rendering items/index.html.erb within layouts/application
  [1m[36mItem Load (4.3ms)[0m  [1m[34mSELECT "items".* FROM "items" /*action='index',application='HandmadeSupportApp',controller='items'*/[0m
  ↳ app/views/items/index.html.erb:14
  Rendered items/index.html.erb within layouts/application (Duration: 52.4ms | GC: 0.0ms)
  Rendered layout layouts/application.html.erb (Duration: 57.5ms | GC: 0.0ms)
Completed 200 OK in 91ms (Views: 67.5ms | ActiveRecord: 5.2ms (1 query, 0 cached) | GC: 0.0ms)


Started GET "/items" for ::1 at 2026-03-30 14:30:39 +0900
Processing by ItemsController#index as HTML
  Rendering layout layouts/application.html.erb
  Rendering items/index.html.erb within layouts/application
  [1m[36mItem Load (5.1ms)[0m  [1m[34mSELECT "items".* FROM "items" /*action='index',application='HandmadeSupportApp',controller='items'*/[0m
  ↳ app/views/items/index.html.erb:14
  Rendered items/index.html.erb within layouts/application (Duration: 23.0ms | GC: 0.0ms)
  Rendered layout layouts/application.html.erb (Duration: 29.5ms | GC: 0.0ms)
Completed 200 OK in 64ms (Views: 39.0ms | ActiveRecord: 6.4ms (1 query, 0 cached) | GC: 0.0ms)


Started GET "/items" for ::1 at 2026-03-30 15:11:06 +0900
Processing by ItemsController#index as HTML
  Rendering layout layouts/application.html.erb
  Rendering items/index.html.erb within layouts/application
  [1m[36mItem Load (3.4ms)[0m  [1m[34mSELECT "items".* FROM "items" /*action='index',application='HandmadeSupportApp',controller='items'*/[0m
  ↳ app/views/items/index.html.erb:14
  Rendered items/index.html.erb within layouts/application (Duration: 10.6ms | GC: 0.0ms)
  Rendered layout layouts/application.html.erb (Duration: 15.5ms | GC: 0.0ms)
Completed 200 OK in 24ms (Views: 14.0ms | ActiveRecord: 3.4ms (1 query, 0 cached) | GC: 0.0ms)


Started GET "/items" for ::1 at 2026-03-30 15:12:50 +0900
Processing by ItemsController#index as HTML
  Rendering layout layouts/application.html.erb
  Rendering items/index.html.erb within layouts/application
  [1m[36mItem Load (4.5ms)[0m  [1m[34mSELECT "items".* FROM "items" /*action='index',application='HandmadeSupportApp',controller='items'*/[0m
  ↳ app/views/items/index.html.erb:14
  Rendered items/index.html.erb within layouts/application (Duration: 23.4ms | GC: 0.0ms)
  Rendered layout layouts/application.html.erb (Duration: 27.5ms | GC: 0.0ms)
Completed 200 OK in 62ms (Views: 37.6ms | ActiveRecord: 5.9ms (1 query, 0 cached) | GC: 0.0ms)


Started GET "/items/new" for ::1 at 2026-03-30 15:13:15 +0900
Processing by ItemsController#new as HTML
  Rendering layout layouts/application.html.erb
  Rendering items/new.html.erb within layouts/application
  Rendered items/new.html.erb within layouts/application (Duration: 29.3ms | GC: 0.0ms)
  Rendered layout layouts/application.html.erb (Duration: 33.0ms | GC: 0.0ms)
Completed 200 OK in 44ms (Views: 35.0ms | ActiveRecord: 0.0ms (0 queries, 0 cached) | GC: 0.0ms)


Started GET "/items" for ::1 at 2026-03-30 15:14:19 +0900
Processing by ItemsController#index as HTML
  Rendering layout layouts/application.html.erb
  Rendering items/index.html.erb within layouts/application
  [1m[36mItem Load (0.4ms)[0m  [1m[34mSELECT "items".* FROM "items" /*action='index',application='HandmadeSupportApp',controller='items'*/[0m
  ↳ app/views/items/index.html.erb:14
  Rendered items/index.html.erb within layouts/application (Duration: 5.6ms | GC: 0.0ms)
  Rendered layout layouts/application.html.erb (Duration: 10.5ms | GC: 0.0ms)
Completed 200 OK in 21ms (Views: 11.9ms | ActiveRecord: 0.4ms (1 query, 0 cached) | GC: 0.0ms)


Started GET "/items" for ::1 at 2026-03-30 15:23:02 +0900
Processing by ItemsController#index as HTML
  Rendering layout layouts/application.html.erb
  Rendering items/index.html.erb within layouts/application
  [1m[36mItem Exists? (3.4ms)[0m  [1m[34mSELECT 1 AS one FROM "items" LIMIT 1 /*action='index',application='HandmadeSupportApp',controller='items'*/[0m
  ↳ app/views/items/index.html.erb:6
  [1m[36mItem Load (0.3ms)[0m  [1m[34mSELECT "items".* FROM "items" /*action='index',application='HandmadeSupportApp',controller='items'*/[0m
  ↳ app/views/items/index.html.erb:18
  Rendered items/index.html.erb within layouts/application (Duration: 19.4ms | GC: 0.0ms)
  Rendered layout layouts/application.html.erb (Duration: 22.9ms | GC: 0.0ms)
Completed 200 OK in 53ms (Views: 34.2ms | ActiveRecord: 3.6ms (2 queries, 0 cached) | GC: 0.0ms)


Started GET "/items" for ::1 at 2026-03-30 15:25:45 +0900
Processing by ItemsController#index as HTML
  Rendering layout layouts/application.html.erb
  Rendering items/index.html.erb within layouts/application
  [1m[36mItem Exists? (0.2ms)[0m  [1m[34mSELECT 1 AS one FROM "items" LIMIT 1 /*action='index',application='HandmadeSupportApp',controller='items'*/[0m
  ↳ app/views/items/index.html.erb:6
  [1m[36mItem Load (0.2ms)[0m  [1m[34mSELECT "items".* FROM "items" /*action='index',application='HandmadeSupportApp',controller='items'*/[0m
  ↳ app/views/items/index.html.erb:8
  Rendered items/index.html.erb within layouts/application (Duration: 20.9ms | GC: 0.0ms)
  Rendered layout layouts/application.html.erb (Duration: 24.3ms | GC: 0.0ms)
Completed 200 OK in 57ms (Views: 38.1ms | ActiveRecord: 3.5ms (2 queries, 0 cached) | GC: 0.0ms)


Started GET "/items" for ::1 at 2026-03-30 15:27:50 +0900
Processing by ItemsController#index as HTML
  Rendering layout layouts/application.html.erb
  Rendering items/index.html.erb within layouts/application
  [1m[36mItem Exists? (0.2ms)[0m  [1m[34mSELECT 1 AS one FROM "items" LIMIT 1 /*action='index',application='HandmadeSupportApp',controller='items'*/[0m
  ↳ app/views/items/index.html.erb:6
  [1m[36mItem Load (0.2ms)[0m  [1m[34mSELECT "items".* FROM "items" /*action='index',application='HandmadeSupportApp',controller='items'*/[0m
  ↳ app/views/items/index.html.erb:8
  Rendered items/index.html.erb within layouts/application (Duration: 7.1ms | GC: 0.0ms)
  Rendered layout layouts/application.html.erb (Duration: 10.3ms | GC: 0.0ms)
Completed 200 OK in 18ms (Views: 11.6ms | ActiveRecord: 0.3ms (2 queries, 0 cached) | GC: 0.0ms)


Started GET "/items" for ::1 at 2026-03-30 15:28:51 +0900
Processing by ItemsController#index as HTML
  Rendering layout layouts/application.html.erb
  Rendering items/index.html.erb within layouts/application
  [1m[36mItem Exists? (0.3ms)[0m  [1m[34mSELECT 1 AS one FROM "items" LIMIT 1 /*action='index',application='HandmadeSupportApp',controller='items'*/[0m
  ↳ app/views/items/index.html.erb:6
  [1m[36mItem Load (0.4ms)[0m  [1m[34mSELECT "items".* FROM "items" /*action='index',application='HandmadeSupportApp',controller='items'*/[0m
  ↳ app/views/items/index.html.erb:8
  Rendered items/index.html.erb within layouts/application (Duration: 10.6ms | GC: 0.0ms)
  Rendered layout layouts/application.html.erb (Duration: 13.7ms | GC: 0.0ms)
Completed 200 OK in 26ms (Views: 14.6ms | ActiveRecord: 0.7ms (2 queries, 0 cached) | GC: 0.0ms)


  [1m[36mActiveRecord::InternalMetadata Load (0.2ms)[0m  [1m[34mSELECT * FROM "ar_internal_metadata" WHERE "ar_internal_metadata"."key" = 'environment' ORDER BY "ar_internal_metadata"."key" ASC LIMIT 1 /*application='HandmadeSupportApp'*/[0m
  [1m[36mActiveRecord::SchemaMigration Load (0.1ms)[0m  [1m[34mSELECT "schema_migrations"."version" FROM "schema_migrations" ORDER BY "schema_migrations"."version" ASC /*application='HandmadeSupportApp'*/[0m
Migrating to CreateActiveStorageTables (20260330062943)
  [1m[36mTRANSACTION (0.1ms)[0m  [1m[35mBEGIN immediate TRANSACTION /*application='HandmadeSupportApp'*/[0m
  [1m[35m (1.8ms)[0m  [1m[35mCREATE TABLE "active_storage_blobs" ("id" integer PRIMARY KEY AUTOINCREMENT NOT NULL, "key" varchar NOT NULL, "filename" varchar NOT NULL, "content_type" varchar, "metadata" text, "service_name" varchar NOT NULL, "byte_size" bigint NOT NULL, "checksum" varchar, "created_at" datetime(6) NOT NULL) /*application='HandmadeSupportApp'*/[0m
  [1m[35m (0.1ms)[0m  [1m[35mCREATE UNIQUE INDEX "index_active_storage_blobs_on_key" ON "active_storage_blobs" ("key") /*application='HandmadeSupportApp'*/[0m
  [1m[35m (0.2ms)[0m  [1m[35mCREATE TABLE "active_storage_attachments" ("id" integer PRIMARY KEY AUTOINCREMENT NOT NULL, "name" varchar NOT NULL, "record_type" varchar NOT NULL, "record_id" bigint NOT NULL, "blob_id" bigint NOT NULL, "created_at" datetime(6) NOT NULL, CONSTRAINT "fk_rails_c3b3935057"
FOREIGN KEY ("blob_id")
  REFERENCES "active_storage_blobs" ("id")
) /*application='HandmadeSupportApp'*/[0m
  [1m[35m (0.1ms)[0m  [1m[35mCREATE INDEX "index_active_storage_attachments_on_blob_id" ON "active_storage_attachments" ("blob_id") /*application='HandmadeSupportApp'*/[0m
  [1m[35m (0.1ms)[0m  [1m[35mCREATE UNIQUE INDEX "index_active_storage_attachments_uniqueness" ON "active_storage_attachments" ("record_type", "record_id", "name", "blob_id") /*application='HandmadeSupportApp'*/[0m
  [1m[35m (0.1ms)[0m  [1m[35mCREATE TABLE "active_storage_variant_records" ("id" integer PRIMARY KEY AUTOINCREMENT NOT NULL, "blob_id" bigint NOT NULL, "variation_digest" varchar NOT NULL, CONSTRAINT "fk_rails_993965df05"
FOREIGN KEY ("blob_id")
  REFERENCES "active_storage_blobs" ("id")
) /*application='HandmadeSupportApp'*/[0m
  [1m[35m (0.1ms)[0m  [1m[35mCREATE UNIQUE INDEX "index_active_storage_variant_records_uniqueness" ON "active_storage_variant_records" ("blob_id", "variation_digest") /*application='HandmadeSupportApp'*/[0m
  [1m[36mActiveRecord::SchemaMigration Create (0.2ms)[0m  [1m[32mINSERT INTO "schema_migrations" ("version") VALUES ('20260330062943') RETURNING "version" /*application='HandmadeSupportApp'*/[0m
  [1m[36mTRANSACTION (2.0ms)[0m  [1m[35mCOMMIT TRANSACTION /*application='HandmadeSupportApp'*/[0m
  [1m[36mActiveRecord::SchemaMigration Load (0.0ms)[0m  [1m[34mSELECT "schema_migrations"."version" FROM "schema_migrations" ORDER BY "schema_migrations"."version" ASC /*application='HandmadeSupportApp'*/[0m
Started GET "/items" for ::1 at 2026-03-30 15:41:34 +0900
  [1m[36mActiveRecord::SchemaMigration Load (0.2ms)[0m  [1m[34mSELECT "schema_migrations"."version" FROM "schema_migrations" ORDER BY "schema_migrations"."version" ASC /*application='HandmadeSupportApp'*/[0m
Processing by ItemsController#index as HTML
  Rendering layout layouts/application.html.erb
  Rendering items/index.html.erb within layouts/application
  [1m[36mItem Exists? (0.2ms)[0m  [1m[34mSELECT 1 AS one FROM "items" LIMIT 1 /*action='index',application='HandmadeSupportApp',controller='items'*/[0m
  ↳ app/views/items/index.html.erb:6
  [1m[36mItem Load (0.1ms)[0m  [1m[34mSELECT "items".* FROM "items" /*action='index',application='HandmadeSupportApp',controller='items'*/[0m
  ↳ app/views/items/index.html.erb:8
  [1m[36mActiveStorage::Attachment Load (0.2ms)[0m  [1m[34mSELECT "active_storage_attachments".* FROM "active_storage_attachments" WHERE "active_storage_attachments"."record_id" = 1 AND "active_storage_attachments"."record_type" = 'Item' AND "active_storage_attachments"."name" = 'image' LIMIT 1 /*action='index',application='HandmadeSupportApp',controller='items'*/[0m
  ↳ app/views/items/index.html.erb:13
  Rendered items/index.html.erb within layouts/application (Duration: 85.7ms | GC: 0.0ms)
  Rendered layout layouts/application.html.erb (Duration: 98.0ms | GC: 0.0ms)
Completed 200 OK in 188ms (Views: 98.2ms | ActiveRecord: 5.9ms (3 queries, 0 cached) | GC: 0.0ms)


Started GET "/items/new" for ::1 at 2026-03-30 15:41:40 +0900
Processing by ItemsController#new as HTML
  Rendering layout layouts/application.html.erb
  Rendering items/new.html.erb within layouts/application
  Rendered items/new.html.erb within layouts/application (Duration: 4.6ms | GC: 0.0ms)
  Rendered layout layouts/application.html.erb (Duration: 5.7ms | GC: 0.0ms)
Completed 200 OK in 13ms (Views: 7.0ms | ActiveRecord: 0.0ms (0 queries, 0 cached) | GC: 0.0ms)


Started GET "/items" for ::1 at 2026-03-30 15:41:49 +0900
Processing by ItemsController#index as HTML
  Rendering layout layouts/application.html.erb
  Rendering items/index.html.erb within layouts/application
  [1m[36mItem Exists? (0.1ms)[0m  [1m[34mSELECT 1 AS one FROM "items" LIMIT 1 /*action='index',application='HandmadeSupportApp',controller='items'*/[0m
  ↳ app/views/items/index.html.erb:6
  [1m[36mItem Load (0.1ms)[0m  [1m[34mSELECT "items".* FROM "items" /*action='index',application='HandmadeSupportApp',controller='items'*/[0m
  ↳ app/views/items/index.html.erb:8
  [1m[36mActiveStorage::Attachment Load (0.1ms)[0m  [1m[34mSELECT "active_storage_attachments".* FROM "active_storage_attachments" WHERE "active_storage_attachments"."record_id" = 1 AND "active_storage_attachments"."record_type" = 'Item' AND "active_storage_attachments"."name" = 'image' LIMIT 1 /*action='index',application='HandmadeSupportApp',controller='items'*/[0m
  ↳ app/views/items/index.html.erb:13
  Rendered items/index.html.erb within layouts/application (Duration: 6.2ms | GC: 0.0ms)
  Rendered layout layouts/application.html.erb (Duration: 8.0ms | GC: 0.0ms)
Completed 200 OK in 12ms (Views: 9.0ms | ActiveRecord: 0.3ms (3 queries, 0 cached) | GC: 0.0ms)


Started GET "/items/new" for ::1 at 2026-03-30 15:41:51 +0900
Processing by ItemsController#new as HTML
  Rendering layout layouts/application.html.erb
  Rendering items/new.html.erb within layouts/application
  Rendered items/new.html.erb within layouts/application (Duration: 1.2ms | GC: 0.0ms)
  Rendered layout layouts/application.html.erb (Duration: 2.8ms | GC: 0.0ms)
Completed 200 OK in 8ms (Views: 4.2ms | ActiveRecord: 0.0ms (0 queries, 0 cached) | GC: 0.0ms)


Started GET "/items" for ::1 at 2026-03-30 15:42:05 +0900
Processing by ItemsController#index as HTML
  Rendering layout layouts/application.html.erb
  Rendering items/index.html.erb within layouts/application
  [1m[36mItem Exists? (0.2ms)[0m  [1m[34mSELECT 1 AS one FROM "items" LIMIT 1 /*action='index',application='HandmadeSupportApp',controller='items'*/[0m
  ↳ app/views/items/index.html.erb:6
  [1m[36mItem Load (0.2ms)[0m  [1m[34mSELECT "items".* FROM "items" /*action='index',application='HandmadeSupportApp',controller='items'*/[0m
  ↳ app/views/items/index.html.erb:8
  [1m[36mActiveStorage::Attachment Load (0.2ms)[0m  [1m[34mSELECT "active_storage_attachments".* FROM "active_storage_attachments" WHERE "active_storage_attachments"."record_id" = 1 AND "active_storage_attachments"."record_type" = 'Item' AND "active_storage_attachments"."name" = 'image' LIMIT 1 /*action='index',application='HandmadeSupportApp',controller='items'*/[0m
  ↳ app/views/items/index.html.erb:13
  Rendered items/index.html.erb within layouts/application (Duration: 12.5ms | GC: 0.0ms)
  Rendered layout layouts/application.html.erb (Duration: 15.4ms | GC: 0.0ms)
Completed 200 OK in 25ms (Views: 17.4ms | ActiveRecord: 0.6ms (3 queries, 0 cached) | GC: 0.0ms)


Started GET "/items/new" for ::1 at 2026-03-30 15:42:09 +0900
Processing by ItemsController#new as HTML
  Rendering layout layouts/application.html.erb
  Rendering items/new.html.erb within layouts/application
  Rendered items/new.html.erb within layouts/application (Duration: 2.8ms | GC: 0.0ms)
  Rendered layout layouts/application.html.erb (Duration: 4.8ms | GC: 0.0ms)
Completed 200 OK in 13ms (Views: 6.5ms | ActiveRecord: 0.0ms (0 queries, 0 cached) | GC: 0.0ms)


Started GET "/items" for ::1 at 2026-03-30 15:42:19 +0900
Processing by ItemsController#index as HTML
  Rendering layout layouts/application.html.erb
  Rendering items/index.html.erb within layouts/application
  [1m[36mItem Exists? (0.2ms)[0m  [1m[34mSELECT 1 AS one FROM "items" LIMIT 1 /*action='index',application='HandmadeSupportApp',controller='items'*/[0m
  ↳ app/views/items/index.html.erb:6
  [1m[36mItem Load (0.2ms)[0m  [1m[34mSELECT "items".* FROM "items" /*action='index',application='HandmadeSupportApp',controller='items'*/[0m
  ↳ app/views/items/index.html.erb:8
  [1m[36mActiveStorage::Attachment Load (0.2ms)[0m  [1m[34mSELECT "active_storage_attachments".* FROM "active_storage_attachments" WHERE "active_storage_attachments"."record_id" = 1 AND "active_storage_attachments"."record_type" = 'Item' AND "active_storage_attachments"."name" = 'image' LIMIT 1 /*action='index',application='HandmadeSupportApp',controller='items'*/[0m
  ↳ app/views/items/index.html.erb:13
  Rendered items/index.html.erb within layouts/application (Duration: 11.7ms | GC: 0.0ms)
  Rendered layout layouts/application.html.erb (Duration: 13.6ms | GC: 0.0ms)
Completed 200 OK in 22ms (Views: 14.7ms | ActiveRecord: 0.6ms (3 queries, 0 cached) | GC: 0.0ms)


Started GET "/items/new" for ::1 at 2026-03-30 15:42:22 +0900
Processing by ItemsController#new as HTML
  Rendering layout layouts/application.html.erb
  Rendering items/new.html.erb within layouts/application
  Rendered items/new.html.erb within layouts/application (Duration: 2.0ms | GC: 0.0ms)
  Rendered layout layouts/application.html.erb (Duration: 4.5ms | GC: 0.0ms)
Completed 200 OK in 12ms (Views: 6.1ms | ActiveRecord: 0.0ms (0 queries, 0 cached) | GC: 0.0ms)


Started GET "/items/new" for ::1 at 2026-03-30 15:43:25 +0900
Processing by ItemsController#new as HTML
  Rendering layout layouts/application.html.erb
  Rendering items/new.html.erb within layouts/application
  Rendered items/new.html.erb within layouts/application (Duration: 2.6ms | GC: 0.0ms)
  Rendered layout layouts/application.html.erb (Duration: 5.3ms | GC: 0.0ms)
Completed 200 OK in 13ms (Views: 7.0ms | ActiveRecord: 0.0ms (0 queries, 0 cached) | GC: 0.0ms)


Started GET "/items/new" for ::1 at 2026-03-30 15:43:43 +0900
Processing by ItemsController#new as HTML
  Rendering layout layouts/application.html.erb
  Rendering items/new.html.erb within layouts/application
  Rendered items/new.html.erb within layouts/application (Duration: 3.7ms | GC: 0.0ms)
  Rendered layout layouts/application.html.erb (Duration: 6.5ms | GC: 0.0ms)
Completed 200 OK in 39ms (Views: 17.2ms | ActiveRecord: 2.7ms (0 queries, 0 cached) | GC: 0.0ms)


Started GET "/items/new" for ::1 at 2026-03-30 15:43:54 +0900
Processing by ItemsController#new as HTML
  Rendering layout layouts/application.html.erb
  Rendering items/new.html.erb within layouts/application
  Rendered items/new.html.erb within layouts/application (Duration: 2.8ms | GC: 0.0ms)
  Rendered layout layouts/application.html.erb (Duration: 4.7ms | GC: 0.0ms)
Completed 200 OK in 39ms (Views: 16.3ms | ActiveRecord: 3.2ms (0 queries, 0 cached) | GC: 0.0ms)


Started GET "/items/new" for ::1 at 2026-03-30 15:45:34 +0900
Processing by ItemsController#new as HTML
  Rendering layout layouts/application.html.erb
  Rendering items/new.html.erb within layouts/application
  Rendered items/new.html.erb within layouts/application (Duration: 25.6ms | GC: 0.0ms)
  Rendered layout layouts/application.html.erb (Duration: 31.7ms | GC: 0.0ms)
Completed 200 OK in 100ms (Views: 49.0ms | ActiveRecord: 9.3ms (0 queries, 0 cached) | GC: 0.0ms)


Started GET "/items/new" for ::1 at 2026-03-30 15:45:36 +0900
Processing by ItemsController#new as HTML
  Rendering layout layouts/application.html.erb
  Rendering items/new.html.erb within layouts/application
  Rendered items/new.html.erb within layouts/application (Duration: 2.1ms | GC: 0.0ms)
  Rendered layout layouts/application.html.erb (Duration: 4.1ms | GC: 0.0ms)
Completed 200 OK in 13ms (Views: 6.2ms | ActiveRecord: 0.0ms (0 queries, 0 cached) | GC: 0.0ms)


Started GET "/items" for ::1 at 2026-03-30 15:45:41 +0900
Processing by ItemsController#index as HTML
  Rendering layout layouts/application.html.erb
  Rendering items/index.html.erb within layouts/application
  [1m[36mItem Exists? (0.3ms)[0m  [1m[34mSELECT 1 AS one FROM "items" LIMIT 1 /*action='index',application='HandmadeSupportApp',controller='items'*/[0m
  ↳ app/views/items/index.html.erb:6
  [1m[36mItem Load (0.2ms)[0m  [1m[34mSELECT "items".* FROM "items" /*action='index',application='HandmadeSupportApp',controller='items'*/[0m
  ↳ app/views/items/index.html.erb:8
  [1m[36mActiveStorage::Attachment Load (0.2ms)[0m  [1m[34mSELECT "active_storage_attachments".* FROM "active_storage_attachments" WHERE "active_storage_attachments"."record_id" = 1 AND "active_storage_attachments"."record_type" = 'Item' AND "active_storage_attachments"."name" = 'image' LIMIT 1 /*action='index',application='HandmadeSupportApp',controller='items'*/[0m
  ↳ app/views/items/index.html.erb:13
  Rendered items/index.html.erb within layouts/application (Duration: 26.9ms | GC: 0.0ms)
  Rendered layout layouts/application.html.erb (Duration: 28.9ms | GC: 0.0ms)
Completed 200 OK in 39ms (Views: 29.0ms | ActiveRecord: 1.3ms (3 queries, 0 cached) | GC: 0.0ms)


Started GET "/items/new" for ::1 at 2026-03-30 15:46:14 +0900
Processing by ItemsController#new as HTML
  Rendering layout layouts/application.html.erb
  Rendering items/new.html.erb within layouts/application
  Rendered items/new.html.erb within layouts/application (Duration: 2.0ms | GC: 0.0ms)
  Rendered layout layouts/application.html.erb (Duration: 3.6ms | GC: 0.0ms)
Completed 200 OK in 11ms (Views: 5.2ms | ActiveRecord: 0.0ms (0 queries, 0 cached) | GC: 0.0ms)


Started GET "/items" for ::1 at 2026-03-30 15:46:16 +0900
Processing by ItemsController#index as HTML
  Rendering layout layouts/application.html.erb
  Rendering items/index.html.erb within layouts/application
  [1m[36mItem Exists? (0.2ms)[0m  [1m[34mSELECT 1 AS one FROM "items" LIMIT 1 /*action='index',application='HandmadeSupportApp',controller='items'*/[0m
  ↳ app/views/items/index.html.erb:6
  [1m[36mItem Load (0.2ms)[0m  [1m[34mSELECT "items".* FROM "items" /*action='index',application='HandmadeSupportApp',controller='items'*/[0m
  ↳ app/views/items/index.html.erb:8
  [1m[36mActiveStorage::Attachment Load (0.2ms)[0m  [1m[34mSELECT "active_storage_attachments".* FROM "active_storage_attachments" WHERE "active_storage_attachments"."record_id" = 1 AND "active_storage_attachments"."record_type" = 'Item' AND "active_storage_attachments"."name" = 'image' LIMIT 1 /*action='index',application='HandmadeSupportApp',controller='items'*/[0m
  ↳ app/views/items/index.html.erb:13
  Rendered items/index.html.erb within layouts/application (Duration: 13.7ms | GC: 0.0ms)
  Rendered layout layouts/application.html.erb (Duration: 16.4ms | GC: 0.0ms)
Completed 200 OK in 26ms (Views: 17.8ms | ActiveRecord: 0.6ms (3 queries, 0 cached) | GC: 0.0ms)


Started GET "/items" for ::1 at 2026-03-30 15:50:36 +0900
Processing by ItemsController#index as HTML
  Rendering layout layouts/application.html.erb
  Rendering items/index.html.erb within layouts/application
  [1m[36mItem Exists? (0.2ms)[0m  [1m[34mSELECT 1 AS one FROM "items" LIMIT 1 /*action='index',application='HandmadeSupportApp',controller='items'*/[0m
  ↳ app/views/items/index.html.erb:6
  [1m[36mItem Load (0.2ms)[0m  [1m[34mSELECT "items".* FROM "items" /*action='index',application='HandmadeSupportApp',controller='items'*/[0m
  ↳ app/views/items/index.html.erb:8
  [1m[36mActiveStorage::Attachment Load (0.2ms)[0m  [1m[34mSELECT "active_storage_attachments".* FROM "active_storage_attachments" WHERE "active_storage_attachments"."record_id" = 1 AND "active_storage_attachments"."record_type" = 'Item' AND "active_storage_attachments"."name" = 'image' LIMIT 1 /*action='index',application='HandmadeSupportApp',controller='items'*/[0m
  ↳ app/views/items/index.html.erb:13
  Rendered items/index.html.erb within layouts/application (Duration: 11.7ms | GC: 0.0ms)
  Rendered layout layouts/application.html.erb (Duration: 14.8ms | GC: 0.0ms)
Completed 200 OK in 22ms (Views: 15.4ms | ActiveRecord: 0.6ms (3 queries, 0 cached) | GC: 0.0ms)


  [1m[36mTRANSACTION (0.1ms)[0m  [1m[35mBEGIN immediate TRANSACTION /*application='HandmadeSupportApp'*/[0m
  [1m[36mItem Create (0.8ms)[0m  [1m[32mINSERT INTO "items" ("title", "description", "price", "stock", "created_at", "updated_at") VALUES ('リネンのトートバッグ', 'ナチュラルな風合いのバッグです', 2800, 5, '2026-03-30 06:54:02.374852', '2026-03-30 06:54:02.374852') RETURNING "id" /*application='HandmadeSupportApp'*/[0m
  [1m[36mTRANSACTION (2.3ms)[0m  [1m[35mCOMMIT TRANSACTION /*application='HandmadeSupportApp'*/[0m
  [1m[36mTRANSACTION (0.1ms)[0m  [1m[35mBEGIN immediate TRANSACTION /*application='HandmadeSupportApp'*/[0m
  [1m[36mItem Create (0.5ms)[0m  [1m[32mINSERT INTO "items" ("title", "description", "price", "stock", "created_at", "updated_at") VALUES ('刺繍のハンカチ', '手刺繍で仕上げました', 1200, 10, '2026-03-30 06:54:02.390828', '2026-03-30 06:54:02.390828') RETURNING "id" /*application='HandmadeSupportApp'*/[0m
  [1m[36mTRANSACTION (0.1ms)[0m  [1m[35mCOMMIT TRANSACTION /*application='HandmadeSupportApp'*/[0m
  [1m[36mTRANSACTION (0.1ms)[0m  [1m[35mBEGIN immediate TRANSACTION /*application='HandmadeSupportApp'*/[0m
  [1m[36mItem Create (0.7ms)[0m  [1m[32mINSERT INTO "items" ("title", "description", "price", "stock", "created_at", "updated_at") VALUES ('ウールのマフラー', '冬にぴったりの暖かい素材', 3500, 3, '2026-03-30 06:54:03.637594', '2026-03-30 06:54:03.637594') RETURNING "id" /*application='HandmadeSupportApp'*/[0m
  [1m[36mTRANSACTION (0.1ms)[0m  [1m[35mCOMMIT TRANSACTION /*application='HandmadeSupportApp'*/[0m
  [1m[36mTRANSACTION (0.1ms)[0m  [1m[35mBEGIN immediate TRANSACTION /*application='HandmadeSupportApp'*/[0m
  [1m[36mItem Create (0.4ms)[0m  [1m[32mINSERT INTO "items" ("title", "description", "price", "stock", "created_at", "updated_at") VALUES ('生成りのリネンバッグ', 'シンプルで日常使いしやすいバッグです', 2500, 4, '2026-03-30 06:54:34.728346', '2026-03-30 06:54:34.728346') RETURNING "id" /*application='HandmadeSupportApp'*/[0m
  [1m[36mTRANSACTION (0.1ms)[0m  [1m[35mCOMMIT TRANSACTION /*application='HandmadeSupportApp'*/[0m
  [1m[36mTRANSACTION (0.1ms)[0m  [1m[35mBEGIN immediate TRANSACTION /*application='HandmadeSupportApp'*/[0m
  [1m[36mItem Create (0.5ms)[0m  [1m[32mINSERT INTO "items" ("title", "description", "price", "stock", "created_at", "updated_at") VALUES ('小花柄のスタイ', 'やさしい色合いのベビースタイ', 1500, 8, '2026-03-30 06:54:34.757314', '2026-03-30 06:54:34.757314') RETURNING "id" /*application='HandmadeSupportApp'*/[0m
  [1m[36mTRANSACTION (0.1ms)[0m  [1m[35mCOMMIT TRANSACTION /*application='HandmadeSupportApp'*/[0m
  [1m[36mTRANSACTION (0.1ms)[0m  [1m[35mBEGIN immediate TRANSACTION /*application='HandmadeSupportApp'*/[0m
  [1m[36mItem Create (0.9ms)[0m  [1m[32mINSERT INTO "items" ("title", "description", "price", "stock", "created_at", "updated_at") VALUES ('手編みのコースター', 'ナチュラルな雰囲気のコースター', 800, 12, '2026-03-30 06:54:36.132009', '2026-03-30 06:54:36.132009') RETURNING "id" /*application='HandmadeSupportApp'*/[0m
  [1m[36mTRANSACTION (0.1ms)[0m  [1m[35mCOMMIT TRANSACTION /*application='HandmadeSupportApp'*/[0m
Started GET "/items" for ::1 at 2026-03-30 15:57:01 +0900
  [1m[36mActiveRecord::SchemaMigration Load (0.3ms)[0m  [1m[34mSELECT "schema_migrations"."version" FROM "schema_migrations" ORDER BY "schema_migrations"."version" ASC /*application='HandmadeSupportApp'*/[0m
Processing by ItemsController#index as HTML
  Rendering layout layouts/application.html.erb
  Rendering items/index.html.erb within layouts/application
  [1m[36mItem Exists? (0.1ms)[0m  [1m[34mSELECT 1 AS one FROM "items" LIMIT 1 /*action='index',application='HandmadeSupportApp',controller='items'*/[0m
  ↳ app/views/items/index.html.erb:6
  [1m[36mItem Load (0.1ms)[0m  [1m[34mSELECT "items".* FROM "items" /*action='index',application='HandmadeSupportApp',controller='items'*/[0m
  ↳ app/views/items/index.html.erb:8
  [1m[36mActiveStorage::Attachment Load (0.1ms)[0m  [1m[34mSELECT "active_storage_attachments".* FROM "active_storage_attachments" WHERE "active_storage_attachments"."record_id" = 1 AND "active_storage_attachments"."record_type" = 'Item' AND "active_storage_attachments"."name" = 'image' LIMIT 1 /*action='index',application='HandmadeSupportApp',controller='items'*/[0m
  ↳ app/views/items/index.html.erb:13
  [1m[36mActiveStorage::Attachment Load (0.1ms)[0m  [1m[34mSELECT "active_storage_attachments".* FROM "active_storage_attachments" WHERE "active_storage_attachments"."record_id" = 2 AND "active_storage_attachments"."record_type" = 'Item' AND "active_storage_attachments"."name" = 'image' LIMIT 1 /*action='index',application='HandmadeSupportApp',controller='items'*/[0m
  ↳ app/views/items/index.html.erb:13
  [1m[36mActiveStorage::Attachment Load (0.1ms)[0m  [1m[34mSELECT "active_storage_attachments".* FROM "active_storage_attachments" WHERE "active_storage_attachments"."record_id" = 3 AND "active_storage_attachments"."record_type" = 'Item' AND "active_storage_attachments"."name" = 'image' LIMIT 1 /*action='index',application='HandmadeSupportApp',controller='items'*/[0m
  ↳ app/views/items/index.html.erb:13
  [1m[36mActiveStorage::Attachment Load (0.1ms)[0m  [1m[34mSELECT "active_storage_attachments".* FROM "active_storage_attachments" WHERE "active_storage_attachments"."record_id" = 4 AND "active_storage_attachments"."record_type" = 'Item' AND "active_storage_attachments"."name" = 'image' LIMIT 1 /*action='index',application='HandmadeSupportApp',controller='items'*/[0m
  ↳ app/views/items/index.html.erb:13
  [1m[36mActiveStorage::Attachment Load (0.1ms)[0m  [1m[34mSELECT "active_storage_attachments".* FROM "active_storage_attachments" WHERE "active_storage_attachments"."record_id" = 5 AND "active_storage_attachments"."record_type" = 'Item' AND "active_storage_attachments"."name" = 'image' LIMIT 1 /*action='index',application='HandmadeSupportApp',controller='items'*/[0m
  ↳ app/views/items/index.html.erb:13
  [1m[36mActiveStorage::Attachment Load (0.1ms)[0m  [1m[34mSELECT "active_storage_attachments".* FROM "active_storage_attachments" WHERE "active_storage_attachments"."record_id" = 6 AND "active_storage_attachments"."record_type" = 'Item' AND "active_storage_attachments"."name" = 'image' LIMIT 1 /*action='index',application='HandmadeSupportApp',controller='items'*/[0m
  ↳ app/views/items/index.html.erb:13
  [1m[36mActiveStorage::Attachment Load (0.1ms)[0m  [1m[34mSELECT "active_storage_attachments".* FROM "active_storage_attachments" WHERE "active_storage_attachments"."record_id" = 7 AND "active_storage_attachments"."record_type" = 'Item' AND "active_storage_attachments"."name" = 'image' LIMIT 1 /*action='index',application='HandmadeSupportApp',controller='items'*/[0m
  ↳ app/views/items/index.html.erb:13
  Rendered items/index.html.erb within layouts/application (Duration: 48.4ms | GC: 0.0ms)
  Rendered layout layouts/application.html.erb (Duration: 61.9ms | GC: 0.0ms)
Completed 200 OK in 138ms (Views: 64.0ms | ActiveRecord: 4.6ms (9 queries, 0 cached) | GC: 0.0ms)


Started GET "/items" for ::1 at 2026-03-30 16:03:32 +0900
Processing by ItemsController#index as HTML
  Rendering layout layouts/application.html.erb
  Rendering items/index.html.erb within layouts/application
  [1m[36mItem Exists? (1.3ms)[0m  [1m[34mSELECT 1 AS one FROM "items" LIMIT 1 /*action='index',application='HandmadeSupportApp',controller='items'*/[0m
  ↳ app/views/items/index.html.erb:6
  [1m[36mItem Load (0.1ms)[0m  [1m[34mSELECT "items".* FROM "items" /*action='index',application='HandmadeSupportApp',controller='items'*/[0m
  ↳ app/views/items/index.html.erb:8
  [1m[36mActiveStorage::Attachment Load (0.2ms)[0m  [1m[34mSELECT "active_storage_attachments".* FROM "active_storage_attachments" WHERE "active_storage_attachments"."record_id" = 1 AND "active_storage_attachments"."record_type" = 'Item' AND "active_storage_attachments"."name" = 'image' LIMIT 1 /*action='index',application='HandmadeSupportApp',controller='items'*/[0m
  ↳ app/views/items/index.html.erb:13
  [1m[36mActiveStorage::Attachment Load (0.1ms)[0m  [1m[34mSELECT "active_storage_attachments".* FROM "active_storage_attachments" WHERE "active_storage_attachments"."record_id" = 2 AND "active_storage_attachments"."record_type" = 'Item' AND "active_storage_attachments"."name" = 'image' LIMIT 1 /*action='index',application='HandmadeSupportApp',controller='items'*/[0m
  ↳ app/views/items/index.html.erb:13
  [1m[36mActiveStorage::Attachment Load (0.1ms)[0m  [1m[34mSELECT "active_storage_attachments".* FROM "active_storage_attachments" WHERE "active_storage_attachments"."record_id" = 3 AND "active_storage_attachments"."record_type" = 'Item' AND "active_storage_attachments"."name" = 'image' LIMIT 1 /*action='index',application='HandmadeSupportApp',controller='items'*/[0m
  ↳ app/views/items/index.html.erb:13
  [1m[36mActiveStorage::Attachment Load (0.1ms)[0m  [1m[34mSELECT "active_storage_attachments".* FROM "active_storage_attachments" WHERE "active_storage_attachments"."record_id" = 4 AND "active_storage_attachments"."record_type" = 'Item' AND "active_storage_attachments"."name" = 'image' LIMIT 1 /*action='index',application='HandmadeSupportApp',controller='items'*/[0m
  ↳ app/views/items/index.html.erb:13
  [1m[36mActiveStorage::Attachment Load (0.1ms)[0m  [1m[34mSELECT "active_storage_attachments".* FROM "active_storage_attachments" WHERE "active_storage_attachments"."record_id" = 5 AND "active_storage_attachments"."record_type" = 'Item' AND "active_storage_attachments"."name" = 'image' LIMIT 1 /*action='index',application='HandmadeSupportApp',controller='items'*/[0m
  ↳ app/views/items/index.html.erb:13
  [1m[36mActiveStorage::Attachment Load (0.1ms)[0m  [1m[34mSELECT "active_storage_attachments".* FROM "active_storage_attachments" WHERE "active_storage_attachments"."record_id" = 6 AND "active_storage_attachments"."record_type" = 'Item' AND "active_storage_attachments"."name" = 'image' LIMIT 1 /*action='index',application='HandmadeSupportApp',controller='items'*/[0m
  ↳ app/views/items/index.html.erb:13
  [1m[36mActiveStorage::Attachment Load (0.1ms)[0m  [1m[34mSELECT "active_storage_attachments".* FROM "active_storage_attachments" WHERE "active_storage_attachments"."record_id" = 7 AND "active_storage_attachments"."record_type" = 'Item' AND "active_storage_attachments"."name" = 'image' LIMIT 1 /*action='index',application='HandmadeSupportApp',controller='items'*/[0m
  ↳ app/views/items/index.html.erb:13
  Rendered items/index.html.erb within layouts/application (Duration: 23.3ms | GC: 0.0ms)
  Rendered layout layouts/application.html.erb (Duration: 25.2ms | GC: 0.0ms)
Completed 200 OK in 28ms (Views: 24.0ms | ActiveRecord: 2.3ms (9 queries, 0 cached) | GC: 0.0ms)


Started GET "/items" for ::1 at 2026-03-30 16:05:01 +0900
Processing by ItemsController#index as HTML
  Rendering layout layouts/application.html.erb
  Rendering items/index.html.erb within layouts/application
  [1m[36mItem Exists? (0.2ms)[0m  [1m[34mSELECT 1 AS one FROM "items" LIMIT 1 /*action='index',application='HandmadeSupportApp',controller='items'*/[0m
  ↳ app/views/items/index.html.erb:6
  [1m[36mItem Load (0.1ms)[0m  [1m[34mSELECT "items".* FROM "items" /*action='index',application='HandmadeSupportApp',controller='items'*/[0m
  ↳ app/views/items/index.html.erb:8
  [1m[36mActiveStorage::Attachment Load (0.1ms)[0m  [1m[34mSELECT "active_storage_attachments".* FROM "active_storage_attachments" WHERE "active_storage_attachments"."record_id" = 1 AND "active_storage_attachments"."record_type" = 'Item' AND "active_storage_attachments"."name" = 'image' LIMIT 1 /*action='index',application='HandmadeSupportApp',controller='items'*/[0m
  ↳ app/views/items/index.html.erb:13
  [1m[36mActiveStorage::Attachment Load (0.1ms)[0m  [1m[34mSELECT "active_storage_attachments".* FROM "active_storage_attachments" WHERE "active_storage_attachments"."record_id" = 2 AND "active_storage_attachments"."record_type" = 'Item' AND "active_storage_attachments"."name" = 'image' LIMIT 1 /*action='index',application='HandmadeSupportApp',controller='items'*/[0m
  ↳ app/views/items/index.html.erb:13
  [1m[36mActiveStorage::Attachment Load (0.1ms)[0m  [1m[34mSELECT "active_storage_attachments".* FROM "active_storage_attachments" WHERE "active_storage_attachments"."record_id" = 3 AND "active_storage_attachments"."record_type" = 'Item' AND "active_storage_attachments"."name" = 'image' LIMIT 1 /*action='index',application='HandmadeSupportApp',controller='items'*/[0m
  ↳ app/views/items/index.html.erb:13
  [1m[36mActiveStorage::Attachment Load (0.1ms)[0m  [1m[34mSELECT "active_storage_attachments".* FROM "active_storage_attachments" WHERE "active_storage_attachments"."record_id" = 4 AND "active_storage_attachments"."record_type" = 'Item' AND "active_storage_attachments"."name" = 'image' LIMIT 1 /*action='index',application='HandmadeSupportApp',controller='items'*/[0m
  ↳ app/views/items/index.html.erb:13
  [1m[36mActiveStorage::Attachment Load (0.1ms)[0m  [1m[34mSELECT "active_storage_attachments".* FROM "active_storage_attachments" WHERE "active_storage_attachments"."record_id" = 5 AND "active_storage_attachments"."record_type" = 'Item' AND "active_storage_attachments"."name" = 'image' LIMIT 1 /*action='index',application='HandmadeSupportApp',controller='items'*/[0m
  ↳ app/views/items/index.html.erb:13
  [1m[36mActiveStorage::Attachment Load (0.3ms)[0m  [1m[34mSELECT "active_storage_attachments".* FROM "active_storage_attachments" WHERE "active_storage_attachments"."record_id" = 6 AND "active_storage_attachments"."record_type" = 'Item' AND "active_storage_attachments"."name" = 'image' LIMIT 1 /*action='index',application='HandmadeSupportApp',controller='items'*/[0m
  ↳ app/views/items/index.html.erb:13
  [1m[36mActiveStorage::Attachment Load (0.1ms)[0m  [1m[34mSELECT "active_storage_attachments".* FROM "active_storage_attachments" WHERE "active_storage_attachments"."record_id" = 7 AND "active_storage_attachments"."record_type" = 'Item' AND "active_storage_attachments"."name" = 'image' LIMIT 1 /*action='index',application='HandmadeSupportApp',controller='items'*/[0m
  ↳ app/views/items/index.html.erb:13
  Rendered items/index.html.erb within layouts/application (Duration: 22.8ms | GC: 0.0ms)
  Rendered layout layouts/application.html.erb (Duration: 24.7ms | GC: 0.0ms)
Completed 200 OK in 29ms (Views: 24.8ms | ActiveRecord: 1.1ms (9 queries, 0 cached) | GC: 0.0ms)


Started GET "/items" for ::1 at 2026-03-30 16:05:02 +0900
Processing by ItemsController#index as HTML
  Rendering layout layouts/application.html.erb
  Rendering items/index.html.erb within layouts/application
  [1m[36mItem Exists? (0.1ms)[0m  [1m[34mSELECT 1 AS one FROM "items" LIMIT 1 /*action='index',application='HandmadeSupportApp',controller='items'*/[0m
  ↳ app/views/items/index.html.erb:6
  [1m[36mItem Load (0.1ms)[0m  [1m[34mSELECT "items".* FROM "items" /*action='index',application='HandmadeSupportApp',controller='items'*/[0m
  ↳ app/views/items/index.html.erb:8
  [1m[36mActiveStorage::Attachment Load (0.1ms)[0m  [1m[34mSELECT "active_storage_attachments".* FROM "active_storage_attachments" WHERE "active_storage_attachments"."record_id" = 1 AND "active_storage_attachments"."record_type" = 'Item' AND "active_storage_attachments"."name" = 'image' LIMIT 1 /*action='index',application='HandmadeSupportApp',controller='items'*/[0m
  ↳ app/views/items/index.html.erb:13
  [1m[36mActiveStorage::Attachment Load (0.1ms)[0m  [1m[34mSELECT "active_storage_attachments".* FROM "active_storage_attachments" WHERE "active_storage_attachments"."record_id" = 2 AND "active_storage_attachments"."record_type" = 'Item' AND "active_storage_attachments"."name" = 'image' LIMIT 1 /*action='index',application='HandmadeSupportApp',controller='items'*/[0m
  ↳ app/views/items/index.html.erb:13
  [1m[36mActiveStorage::Attachment Load (0.1ms)[0m  [1m[34mSELECT "active_storage_attachments".* FROM "active_storage_attachments" WHERE "active_storage_attachments"."record_id" = 3 AND "active_storage_attachments"."record_type" = 'Item' AND "active_storage_attachments"."name" = 'image' LIMIT 1 /*action='index',application='HandmadeSupportApp',controller='items'*/[0m
  ↳ app/views/items/index.html.erb:13
  [1m[36mActiveStorage::Attachment Load (0.1ms)[0m  [1m[34mSELECT "active_storage_attachments".* FROM "active_storage_attachments" WHERE "active_storage_attachments"."record_id" = 4 AND "active_storage_attachments"."record_type" = 'Item' AND "active_storage_attachments"."name" = 'image' LIMIT 1 /*action='index',application='HandmadeSupportApp',controller='items'*/[0m
  ↳ app/views/items/index.html.erb:13
  [1m[36mActiveStorage::Attachment Load (0.1ms)[0m  [1m[34mSELECT "active_storage_attachments".* FROM "active_storage_attachments" WHERE "active_storage_attachments"."record_id" = 5 AND "active_storage_attachments"."record_type" = 'Item' AND "active_storage_attachments"."name" = 'image' LIMIT 1 /*action='index',application='HandmadeSupportApp',controller='items'*/[0m
  ↳ app/views/items/index.html.erb:13
  [1m[36mActiveStorage::Attachment Load (0.1ms)[0m  [1m[34mSELECT "active_storage_attachments".* FROM "active_storage_attachments" WHERE "active_storage_attachments"."record_id" = 6 AND "active_storage_attachments"."record_type" = 'Item' AND "active_storage_attachments"."name" = 'image' LIMIT 1 /*action='index',application='HandmadeSupportApp',controller='items'*/[0m
  ↳ app/views/items/index.html.erb:13
  [1m[36mActiveStorage::Attachment Load (0.2ms)[0m  [1m[34mSELECT "active_storage_attachments".* FROM "active_storage_attachments" WHERE "active_storage_attachments"."record_id" = 7 AND "active_storage_attachments"."record_type" = 'Item' AND "active_storage_attachments"."name" = 'image' LIMIT 1 /*action='index',application='HandmadeSupportApp',controller='items'*/[0m
  ↳ app/views/items/index.html.erb:13
  Rendered items/index.html.erb within layouts/application (Duration: 24.7ms | GC: 0.0ms)
  Rendered layout layouts/application.html.erb (Duration: 26.3ms | GC: 0.0ms)
Completed 200 OK in 30ms (Views: 26.4ms | ActiveRecord: 1.0ms (9 queries, 0 cached) | GC: 0.0ms)


Started GET "/items" for ::1 at 2026-03-30 16:05:59 +0900
Processing by ItemsController#index as HTML
  Rendering layout layouts/application.html.erb
  Rendering items/index.html.erb within layouts/application
  [1m[36mItem Exists? (0.1ms)[0m  [1m[34mSELECT 1 AS one FROM "items" LIMIT 1 /*action='index',application='HandmadeSupportApp',controller='items'*/[0m
  ↳ app/views/items/index.html.erb:6
  [1m[36mItem Load (0.3ms)[0m  [1m[34mSELECT "items".* FROM "items" /*action='index',application='HandmadeSupportApp',controller='items'*/[0m
  ↳ app/views/items/index.html.erb:8
  [1m[36mActiveStorage::Attachment Load (0.2ms)[0m  [1m[34mSELECT "active_storage_attachments".* FROM "active_storage_attachments" WHERE "active_storage_attachments"."record_id" = 1 AND "active_storage_attachments"."record_type" = 'Item' AND "active_storage_attachments"."name" = 'image' LIMIT 1 /*action='index',application='HandmadeSupportApp',controller='items'*/[0m
  ↳ app/views/items/index.html.erb:13
  [1m[36mActiveStorage::Attachment Load (0.1ms)[0m  [1m[34mSELECT "active_storage_attachments".* FROM "active_storage_attachments" WHERE "active_storage_attachments"."record_id" = 2 AND "active_storage_attachments"."record_type" = 'Item' AND "active_storage_attachments"."name" = 'image' LIMIT 1 /*action='index',application='HandmadeSupportApp',controller='items'*/[0m
  ↳ app/views/items/index.html.erb:13
  [1m[36mActiveStorage::Attachment Load (0.1ms)[0m  [1m[34mSELECT "active_storage_attachments".* FROM "active_storage_attachments" WHERE "active_storage_attachments"."record_id" = 3 AND "active_storage_attachments"."record_type" = 'Item' AND "active_storage_attachments"."name" = 'image' LIMIT 1 /*action='index',application='HandmadeSupportApp',controller='items'*/[0m
  ↳ app/views/items/index.html.erb:13
  [1m[36mActiveStorage::Attachment Load (0.1ms)[0m  [1m[34mSELECT "active_storage_attachments".* FROM "active_storage_attachments" WHERE "active_storage_attachments"."record_id" = 4 AND "active_storage_attachments"."record_type" = 'Item' AND "active_storage_attachments"."name" = 'image' LIMIT 1 /*action='index',application='HandmadeSupportApp',controller='items'*/[0m
  ↳ app/views/items/index.html.erb:13
  [1m[36mActiveStorage::Attachment Load (0.1ms)[0m  [1m[34mSELECT "active_storage_attachments".* FROM "active_storage_attachments" WHERE "active_storage_attachments"."record_id" = 5 AND "active_storage_attachments"."record_type" = 'Item' AND "active_storage_attachments"."name" = 'image' LIMIT 1 /*action='index',application='HandmadeSupportApp',controller='items'*/[0m
  ↳ app/views/items/index.html.erb:13
  [1m[36mActiveStorage::Attachment Load (0.1ms)[0m  [1m[34mSELECT "active_storage_attachments".* FROM "active_storage_attachments" WHERE "active_storage_attachments"."record_id" = 6 AND "active_storage_attachments"."record_type" = 'Item' AND "active_storage_attachments"."name" = 'image' LIMIT 1 /*action='index',application='HandmadeSupportApp',controller='items'*/[0m
  ↳ app/views/items/index.html.erb:13
  [1m[36mActiveStorage::Attachment Load (0.1ms)[0m  [1m[34mSELECT "active_storage_attachments".* FROM "active_storage_attachments" WHERE "active_storage_attachments"."record_id" = 7 AND "active_storage_attachments"."record_type" = 'Item' AND "active_storage_attachments"."name" = 'image' LIMIT 1 /*action='index',application='HandmadeSupportApp',controller='items'*/[0m
  ↳ app/views/items/index.html.erb:13
  Rendered items/index.html.erb within layouts/application (Duration: 23.8ms | GC: 0.0ms)
  Rendered layout layouts/application.html.erb (Duration: 26.0ms | GC: 0.0ms)
Completed 200 OK in 29ms (Views: 25.8ms | ActiveRecord: 1.4ms (9 queries, 0 cached) | GC: 0.0ms)


Started GET "/items" for ::1 at 2026-03-30 16:07:29 +0900
Processing by ItemsController#index as HTML
  Rendering layout layouts/application.html.erb
  Rendering items/index.html.erb within layouts/application
  [1m[36mItem Exists? (0.2ms)[0m  [1m[34mSELECT 1 AS one FROM "items" LIMIT 1 /*action='index',application='HandmadeSupportApp',controller='items'*/[0m
  ↳ app/views/items/index.html.erb:6
  [1m[36mItem Load (0.1ms)[0m  [1m[34mSELECT "items".* FROM "items" /*action='index',application='HandmadeSupportApp',controller='items'*/[0m
  ↳ app/views/items/index.html.erb:8
  [1m[36mActiveStorage::Attachment Load (0.1ms)[0m  [1m[34mSELECT "active_storage_attachments".* FROM "active_storage_attachments" WHERE "active_storage_attachments"."record_id" = 1 AND "active_storage_attachments"."record_type" = 'Item' AND "active_storage_attachments"."name" = 'image' LIMIT 1 /*action='index',application='HandmadeSupportApp',controller='items'*/[0m
  ↳ app/views/items/index.html.erb:13
  [1m[36mActiveStorage::Attachment Load (0.2ms)[0m  [1m[34mSELECT "active_storage_attachments".* FROM "active_storage_attachments" WHERE "active_storage_attachments"."record_id" = 2 AND "active_storage_attachments"."record_type" = 'Item' AND "active_storage_attachments"."name" = 'image' LIMIT 1 /*action='index',application='HandmadeSupportApp',controller='items'*/[0m
  ↳ app/views/items/index.html.erb:13
  [1m[36mActiveStorage::Attachment Load (0.1ms)[0m  [1m[34mSELECT "active_storage_attachments".* FROM "active_storage_attachments" WHERE "active_storage_attachments"."record_id" = 3 AND "active_storage_attachments"."record_type" = 'Item' AND "active_storage_attachments"."name" = 'image' LIMIT 1 /*action='index',application='HandmadeSupportApp',controller='items'*/[0m
  ↳ app/views/items/index.html.erb:13
  [1m[36mActiveStorage::Attachment Load (0.1ms)[0m  [1m[34mSELECT "active_storage_attachments".* FROM "active_storage_attachments" WHERE "active_storage_attachments"."record_id" = 4 AND "active_storage_attachments"."record_type" = 'Item' AND "active_storage_attachments"."name" = 'image' LIMIT 1 /*action='index',application='HandmadeSupportApp',controller='items'*/[0m
  ↳ app/views/items/index.html.erb:13
  [1m[36mActiveStorage::Attachment Load (0.1ms)[0m  [1m[34mSELECT "active_storage_attachments".* FROM "active_storage_attachments" WHERE "active_storage_attachments"."record_id" = 5 AND "active_storage_attachments"."record_type" = 'Item' AND "active_storage_attachments"."name" = 'image' LIMIT 1 /*action='index',application='HandmadeSupportApp',controller='items'*/[0m
  ↳ app/views/items/index.html.erb:13
  [1m[36mActiveStorage::Attachment Load (0.1ms)[0m  [1m[34mSELECT "active_storage_attachments".* FROM "active_storage_attachments" WHERE "active_storage_attachments"."record_id" = 6 AND "active_storage_attachments"."record_type" = 'Item' AND "active_storage_attachments"."name" = 'image' LIMIT 1 /*action='index',application='HandmadeSupportApp',controller='items'*/[0m
  ↳ app/views/items/index.html.erb:13
  [1m[36mActiveStorage::Attachment Load (0.1ms)[0m  [1m[34mSELECT "active_storage_attachments".* FROM "active_storage_attachments" WHERE "active_storage_attachments"."record_id" = 7 AND "active_storage_attachments"."record_type" = 'Item' AND "active_storage_attachments"."name" = 'image' LIMIT 1 /*action='index',application='HandmadeSupportApp',controller='items'*/[0m
  ↳ app/views/items/index.html.erb:13
  Rendered items/index.html.erb within layouts/application (Duration: 16.4ms | GC: 0.0ms)
  Rendered layout layouts/application.html.erb (Duration: 18.1ms | GC: 0.0ms)
Completed 200 OK in 23ms (Views: 18.4ms | ActiveRecord: 0.9ms (9 queries, 0 cached) | GC: 0.0ms)


Started GET "/items" for ::1 at 2026-03-30 16:08:02 +0900
Processing by ItemsController#index as HTML
  Rendering layout layouts/application.html.erb
  Rendering items/index.html.erb within layouts/application
  [1m[36mItem Exists? (0.1ms)[0m  [1m[34mSELECT 1 AS one FROM "items" LIMIT 1 /*action='index',application='HandmadeSupportApp',controller='items'*/[0m
  ↳ app/views/items/index.html.erb:6
  [1m[36mItem Load (0.1ms)[0m  [1m[34mSELECT "items".* FROM "items" /*action='index',application='HandmadeSupportApp',controller='items'*/[0m
  ↳ app/views/items/index.html.erb:8
  [1m[36mActiveStorage::Attachment Load (0.1ms)[0m  [1m[34mSELECT "active_storage_attachments".* FROM "active_storage_attachments" WHERE "active_storage_attachments"."record_id" = 1 AND "active_storage_attachments"."record_type" = 'Item' AND "active_storage_attachments"."name" = 'image' LIMIT 1 /*action='index',application='HandmadeSupportApp',controller='items'*/[0m
  ↳ app/views/items/index.html.erb:13
  [1m[36mActiveStorage::Attachment Load (0.2ms)[0m  [1m[34mSELECT "active_storage_attachments".* FROM "active_storage_attachments" WHERE "active_storage_attachments"."record_id" = 2 AND "active_storage_attachments"."record_type" = 'Item' AND "active_storage_attachments"."name" = 'image' LIMIT 1 /*action='index',application='HandmadeSupportApp',controller='items'*/[0m
  ↳ app/views/items/index.html.erb:13
  [1m[36mActiveStorage::Attachment Load (0.2ms)[0m  [1m[34mSELECT "active_storage_attachments".* FROM "active_storage_attachments" WHERE "active_storage_attachments"."record_id" = 3 AND "active_storage_attachments"."record_type" = 'Item' AND "active_storage_attachments"."name" = 'image' LIMIT 1 /*action='index',application='HandmadeSupportApp',controller='items'*/[0m
  ↳ app/views/items/index.html.erb:13
  [1m[36mActiveStorage::Attachment Load (0.1ms)[0m  [1m[34mSELECT "active_storage_attachments".* FROM "active_storage_attachments" WHERE "active_storage_attachments"."record_id" = 4 AND "active_storage_attachments"."record_type" = 'Item' AND "active_storage_attachments"."name" = 'image' LIMIT 1 /*action='index',application='HandmadeSupportApp',controller='items'*/[0m
  ↳ app/views/items/index.html.erb:13
  [1m[36mActiveStorage::Attachment Load (0.1ms)[0m  [1m[34mSELECT "active_storage_attachments".* FROM "active_storage_attachments" WHERE "active_storage_attachments"."record_id" = 5 AND "active_storage_attachments"."record_type" = 'Item' AND "active_storage_attachments"."name" = 'image' LIMIT 1 /*action='index',application='HandmadeSupportApp',controller='items'*/[0m
  ↳ app/views/items/index.html.erb:13
  [1m[36mActiveStorage::Attachment Load (0.1ms)[0m  [1m[34mSELECT "active_storage_attachments".* FROM "active_storage_attachments" WHERE "active_storage_attachments"."record_id" = 6 AND "active_storage_attachments"."record_type" = 'Item' AND "active_storage_attachments"."name" = 'image' LIMIT 1 /*action='index',application='HandmadeSupportApp',controller='items'*/[0m
  ↳ app/views/items/index.html.erb:13
  [1m[36mActiveStorage::Attachment Load (0.1ms)[0m  [1m[34mSELECT "active_storage_attachments".* FROM "active_storage_attachments" WHERE "active_storage_attachments"."record_id" = 7 AND "active_storage_attachments"."record_type" = 'Item' AND "active_storage_attachments"."name" = 'image' LIMIT 1 /*action='index',application='HandmadeSupportApp',controller='items'*/[0m
  ↳ app/views/items/index.html.erb:13
  Rendered items/index.html.erb within layouts/application (Duration: 21.6ms | GC: 0.0ms)
  Rendered layout layouts/application.html.erb (Duration: 24.1ms | GC: 0.0ms)
Completed 200 OK in 29ms (Views: 24.4ms | ActiveRecord: 1.0ms (9 queries, 0 cached) | GC: 0.0ms)


  [1m[36mItem Load (2.8ms)[0m  [1m[34mSELECT "items".* FROM "items" /* loading for pp */ LIMIT 11 /*application='HandmadeSupportApp'*/[0m
  [1m[36mItem Load (0.1ms)[0m  [1m[34mSELECT "items".* FROM "items" WHERE "items"."id" = 1 LIMIT 1 /*application='HandmadeSupportApp'*/[0m
  [1m[36mTRANSACTION (0.1ms)[0m  [1m[35mBEGIN immediate TRANSACTION /*application='HandmadeSupportApp'*/[0m
  [1m[36mActiveStorage::Attachment Load (0.1ms)[0m  [1m[34mSELECT "active_storage_attachments".* FROM "active_storage_attachments" WHERE "active_storage_attachments"."record_id" = 1 AND "active_storage_attachments"."record_type" = 'Item' AND "active_storage_attachments"."name" = 'image' LIMIT 1 /*application='HandmadeSupportApp'*/[0m
  [1m[36mItem Destroy (0.1ms)[0m  [1m[31mDELETE FROM "items" WHERE "items"."id" = 1 /*application='HandmadeSupportApp'*/[0m
  [1m[36mTRANSACTION (4.1ms)[0m  [1m[35mCOMMIT TRANSACTION /*application='HandmadeSupportApp'*/[0m
Started GET "/items" for ::1 at 2026-03-30 16:11:34 +0900
  [1m[36mActiveRecord::SchemaMigration Load (0.3ms)[0m  [1m[34mSELECT "schema_migrations"."version" FROM "schema_migrations" ORDER BY "schema_migrations"."version" ASC /*application='HandmadeSupportApp'*/[0m
Processing by ItemsController#index as HTML
  Rendering layout layouts/application.html.erb
  Rendering items/index.html.erb within layouts/application
  [1m[36mItem Exists? (0.1ms)[0m  [1m[34mSELECT 1 AS one FROM "items" LIMIT 1 /*action='index',application='HandmadeSupportApp',controller='items'*/[0m
  ↳ app/views/items/index.html.erb:6
  [1m[36mItem Load (0.1ms)[0m  [1m[34mSELECT "items".* FROM "items" /*action='index',application='HandmadeSupportApp',controller='items'*/[0m
  ↳ app/views/items/index.html.erb:8
  [1m[36mActiveStorage::Attachment Load (0.1ms)[0m  [1m[34mSELECT "active_storage_attachments".* FROM "active_storage_attachments" WHERE "active_storage_attachments"."record_id" = 2 AND "active_storage_attachments"."record_type" = 'Item' AND "active_storage_attachments"."name" = 'image' LIMIT 1 /*action='index',application='HandmadeSupportApp',controller='items'*/[0m
  ↳ app/views/items/index.html.erb:13
  [1m[36mActiveStorage::Attachment Load (0.1ms)[0m  [1m[34mSELECT "active_storage_attachments".* FROM "active_storage_attachments" WHERE "active_storage_attachments"."record_id" = 3 AND "active_storage_attachments"."record_type" = 'Item' AND "active_storage_attachments"."name" = 'image' LIMIT 1 /*action='index',application='HandmadeSupportApp',controller='items'*/[0m
  ↳ app/views/items/index.html.erb:13
  [1m[36mActiveStorage::Attachment Load (0.1ms)[0m  [1m[34mSELECT "active_storage_attachments".* FROM "active_storage_attachments" WHERE "active_storage_attachments"."record_id" = 4 AND "active_storage_attachments"."record_type" = 'Item' AND "active_storage_attachments"."name" = 'image' LIMIT 1 /*action='index',application='HandmadeSupportApp',controller='items'*/[0m
  ↳ app/views/items/index.html.erb:13
  [1m[36mActiveStorage::Attachment Load (0.1ms)[0m  [1m[34mSELECT "active_storage_attachments".* FROM "active_storage_attachments" WHERE "active_storage_attachments"."record_id" = 5 AND "active_storage_attachments"."record_type" = 'Item' AND "active_storage_attachments"."name" = 'image' LIMIT 1 /*action='index',application='HandmadeSupportApp',controller='items'*/[0m
  ↳ app/views/items/index.html.erb:13
  [1m[36mActiveStorage::Attachment Load (0.2ms)[0m  [1m[34mSELECT "active_storage_attachments".* FROM "active_storage_attachments" WHERE "active_storage_attachments"."record_id" = 6 AND "active_storage_attachments"."record_type" = 'Item' AND "active_storage_attachments"."name" = 'image' LIMIT 1 /*action='index',application='HandmadeSupportApp',controller='items'*/[0m
  ↳ app/views/items/index.html.erb:13
  [1m[36mActiveStorage::Attachment Load (0.1ms)[0m  [1m[34mSELECT "active_storage_attachments".* FROM "active_storage_attachments" WHERE "active_storage_attachments"."record_id" = 7 AND "active_storage_attachments"."record_type" = 'Item' AND "active_storage_attachments"."name" = 'image' LIMIT 1 /*action='index',application='HandmadeSupportApp',controller='items'*/[0m
  ↳ app/views/items/index.html.erb:13
  Rendered items/index.html.erb within layouts/application (Duration: 40.4ms | GC: 0.0ms)
  Rendered layout layouts/application.html.erb (Duration: 60.5ms | GC: 0.0ms)
Completed 200 OK in 151ms (Views: 61.2ms | ActiveRecord: 5.9ms (8 queries, 0 cached) | GC: 0.0ms)


Started GET "/items" for ::1 at 2026-03-30 16:16:19 +0900
Processing by ItemsController#index as HTML
  Rendering layout layouts/application.html.erb
  Rendering items/index.html.erb within layouts/application
  [1m[36mItem Exists? (0.1ms)[0m  [1m[34mSELECT 1 AS one FROM "items" LIMIT 1 /*action='index',application='HandmadeSupportApp',controller='items'*/[0m
  ↳ app/views/items/index.html.erb:6
  [1m[36mItem Load (0.1ms)[0m  [1m[34mSELECT "items".* FROM "items" /*action='index',application='HandmadeSupportApp',controller='items'*/[0m
  ↳ app/views/items/index.html.erb:8
  [1m[36mActiveStorage::Attachment Load (0.1ms)[0m  [1m[34mSELECT "active_storage_attachments".* FROM "active_storage_attachments" WHERE "active_storage_attachments"."record_id" = 2 AND "active_storage_attachments"."record_type" = 'Item' AND "active_storage_attachments"."name" = 'image' LIMIT 1 /*action='index',application='HandmadeSupportApp',controller='items'*/[0m
  ↳ app/views/items/index.html.erb:13
  [1m[36mActiveStorage::Attachment Load (0.1ms)[0m  [1m[34mSELECT "active_storage_attachments".* FROM "active_storage_attachments" WHERE "active_storage_attachments"."record_id" = 3 AND "active_storage_attachments"."record_type" = 'Item' AND "active_storage_attachments"."name" = 'image' LIMIT 1 /*action='index',application='HandmadeSupportApp',controller='items'*/[0m
  ↳ app/views/items/index.html.erb:13
  [1m[36mActiveStorage::Attachment Load (0.1ms)[0m  [1m[34mSELECT "active_storage_attachments".* FROM "active_storage_attachments" WHERE "active_storage_attachments"."record_id" = 4 AND "active_storage_attachments"."record_type" = 'Item' AND "active_storage_attachments"."name" = 'image' LIMIT 1 /*action='index',application='HandmadeSupportApp',controller='items'*/[0m
  ↳ app/views/items/index.html.erb:13
  [1m[36mActiveStorage::Attachment Load (0.1ms)[0m  [1m[34mSELECT "active_storage_attachments".* FROM "active_storage_attachments" WHERE "active_storage_attachments"."record_id" = 5 AND "active_storage_attachments"."record_type" = 'Item' AND "active_storage_attachments"."name" = 'image' LIMIT 1 /*action='index',application='HandmadeSupportApp',controller='items'*/[0m
  ↳ app/views/items/index.html.erb:13
  [1m[36mActiveStorage::Attachment Load (0.1ms)[0m  [1m[34mSELECT "active_storage_attachments".* FROM "active_storage_attachments" WHERE "active_storage_attachments"."record_id" = 6 AND "active_storage_attachments"."record_type" = 'Item' AND "active_storage_attachments"."name" = 'image' LIMIT 1 /*action='index',application='HandmadeSupportApp',controller='items'*/[0m
  ↳ app/views/items/index.html.erb:13
  [1m[36mActiveStorage::Attachment Load (0.1ms)[0m  [1m[34mSELECT "active_storage_attachments".* FROM "active_storage_attachments" WHERE "active_storage_attachments"."record_id" = 7 AND "active_storage_attachments"."record_type" = 'Item' AND "active_storage_attachments"."name" = 'image' LIMIT 1 /*action='index',application='HandmadeSupportApp',controller='items'*/[0m
  ↳ app/views/items/index.html.erb:13
  Rendered items/index.html.erb within layouts/application (Duration: 30.3ms | GC: 0.0ms)
  Rendered layout layouts/application.html.erb (Duration: 32.2ms | GC: 0.0ms)
Completed 200 OK in 40ms (Views: 31.4ms | ActiveRecord: 4.3ms (8 queries, 0 cached) | GC: 0.0ms)


Started GET "/items" for ::1 at 2026-03-30 16:19:26 +0900
Processing by ItemsController#index as HTML
  Rendering layout layouts/application.html.erb
  Rendering items/index.html.erb within layouts/application
  [1m[36mItem Exists? (0.2ms)[0m  [1m[34mSELECT 1 AS one FROM "items" LIMIT 1 /*action='index',application='HandmadeSupportApp',controller='items'*/[0m
  ↳ app/views/items/index.html.erb:6
  [1m[36mItem Load (0.2ms)[0m  [1m[34mSELECT "items".* FROM "items" /*action='index',application='HandmadeSupportApp',controller='items'*/[0m
  ↳ app/views/items/index.html.erb:8
  [1m[36mActiveStorage::Attachment Load (0.2ms)[0m  [1m[34mSELECT "active_storage_attachments".* FROM "active_storage_attachments" WHERE "active_storage_attachments"."record_id" = 2 AND "active_storage_attachments"."record_type" = 'Item' AND "active_storage_attachments"."name" = 'image' LIMIT 1 /*action='index',application='HandmadeSupportApp',controller='items'*/[0m
  ↳ app/views/items/index.html.erb:13
  [1m[36mActiveStorage::Attachment Load (0.1ms)[0m  [1m[34mSELECT "active_storage_attachments".* FROM "active_storage_attachments" WHERE "active_storage_attachments"."record_id" = 3 AND "active_storage_attachments"."record_type" = 'Item' AND "active_storage_attachments"."name" = 'image' LIMIT 1 /*action='index',application='HandmadeSupportApp',controller='items'*/[0m
  ↳ app/views/items/index.html.erb:13
  [1m[36mActiveStorage::Attachment Load (0.2ms)[0m  [1m[34mSELECT "active_storage_attachments".* FROM "active_storage_attachments" WHERE "active_storage_attachments"."record_id" = 4 AND "active_storage_attachments"."record_type" = 'Item' AND "active_storage_attachments"."name" = 'image' LIMIT 1 /*action='index',application='HandmadeSupportApp',controller='items'*/[0m
  ↳ app/views/items/index.html.erb:13
  [1m[36mActiveStorage::Attachment Load (0.1ms)[0m  [1m[34mSELECT "active_storage_attachments".* FROM "active_storage_attachments" WHERE "active_storage_attachments"."record_id" = 5 AND "active_storage_attachments"."record_type" = 'Item' AND "active_storage_attachments"."name" = 'image' LIMIT 1 /*action='index',application='HandmadeSupportApp',controller='items'*/[0m
  ↳ app/views/items/index.html.erb:13
  [1m[36mActiveStorage::Attachment Load (0.1ms)[0m  [1m[34mSELECT "active_storage_attachments".* FROM "active_storage_attachments" WHERE "active_storage_attachments"."record_id" = 6 AND "active_storage_attachments"."record_type" = 'Item' AND "active_storage_attachments"."name" = 'image' LIMIT 1 /*action='index',application='HandmadeSupportApp',controller='items'*/[0m
  ↳ app/views/items/index.html.erb:13
  [1m[36mActiveStorage::Attachment Load (0.1ms)[0m  [1m[34mSELECT "active_storage_attachments".* FROM "active_storage_attachments" WHERE "active_storage_attachments"."record_id" = 7 AND "active_storage_attachments"."record_type" = 'Item' AND "active_storage_attachments"."name" = 'image' LIMIT 1 /*action='index',application='HandmadeSupportApp',controller='items'*/[0m
  ↳ app/views/items/index.html.erb:13
  Rendered items/index.html.erb within layouts/application (Duration: 23.2ms | GC: 0.0ms)
  Rendered layout layouts/application.html.erb (Duration: 25.5ms | GC: 0.0ms)
Completed 200 OK in 29ms (Views: 25.6ms | ActiveRecord: 1.2ms (8 queries, 0 cached) | GC: 0.0ms)


Started GET "/items" for ::1 at 2026-03-30 16:20:10 +0900
Processing by ItemsController#index as HTML
  Rendering layout layouts/application.html.erb
  Rendering items/index.html.erb within layouts/application
  [1m[36mItem Exists? (0.1ms)[0m  [1m[34mSELECT 1 AS one FROM "items" LIMIT 1 /*action='index',application='HandmadeSupportApp',controller='items'*/[0m
  ↳ app/views/items/index.html.erb:6
  [1m[36mItem Load (0.1ms)[0m  [1m[34mSELECT "items".* FROM "items" /*action='index',application='HandmadeSupportApp',controller='items'*/[0m
  ↳ app/views/items/index.html.erb:8
  [1m[36mActiveStorage::Attachment Load (0.1ms)[0m  [1m[34mSELECT "active_storage_attachments".* FROM "active_storage_attachments" WHERE "active_storage_attachments"."record_id" = 2 AND "active_storage_attachments"."record_type" = 'Item' AND "active_storage_attachments"."name" = 'image' LIMIT 1 /*action='index',application='HandmadeSupportApp',controller='items'*/[0m
  ↳ app/views/items/index.html.erb:13
  [1m[36mActiveStorage::Attachment Load (0.1ms)[0m  [1m[34mSELECT "active_storage_attachments".* FROM "active_storage_attachments" WHERE "active_storage_attachments"."record_id" = 3 AND "active_storage_attachments"."record_type" = 'Item' AND "active_storage_attachments"."name" = 'image' LIMIT 1 /*action='index',application='HandmadeSupportApp',controller='items'*/[0m
  ↳ app/views/items/index.html.erb:13
  [1m[36mActiveStorage::Attachment Load (0.1ms)[0m  [1m[34mSELECT "active_storage_attachments".* FROM "active_storage_attachments" WHERE "active_storage_attachments"."record_id" = 4 AND "active_storage_attachments"."record_type" = 'Item' AND "active_storage_attachments"."name" = 'image' LIMIT 1 /*action='index',application='HandmadeSupportApp',controller='items'*/[0m
  ↳ app/views/items/index.html.erb:13
  [1m[36mActiveStorage::Attachment Load (0.3ms)[0m  [1m[34mSELECT "active_storage_attachments".* FROM "active_storage_attachments" WHERE "active_storage_attachments"."record_id" = 5 AND "active_storage_attachments"."record_type" = 'Item' AND "active_storage_attachments"."name" = 'image' LIMIT 1 /*action='index',application='HandmadeSupportApp',controller='items'*/[0m
  ↳ app/views/items/index.html.erb:13
  [1m[36mActiveStorage::Attachment Load (0.2ms)[0m  [1m[34mSELECT "active_storage_attachments".* FROM "active_storage_attachments" WHERE "active_storage_attachments"."record_id" = 6 AND "active_storage_attachments"."record_type" = 'Item' AND "active_storage_attachments"."name" = 'image' LIMIT 1 /*action='index',application='HandmadeSupportApp',controller='items'*/[0m
  ↳ app/views/items/index.html.erb:13
  [1m[36mActiveStorage::Attachment Load (0.2ms)[0m  [1m[34mSELECT "active_storage_attachments".* FROM "active_storage_attachments" WHERE "active_storage_attachments"."record_id" = 7 AND "active_storage_attachments"."record_type" = 'Item' AND "active_storage_attachments"."name" = 'image' LIMIT 1 /*action='index',application='HandmadeSupportApp',controller='items'*/[0m
  ↳ app/views/items/index.html.erb:13
  Rendered items/index.html.erb within layouts/application (Duration: 21.3ms | GC: 0.0ms)
  Rendered layout layouts/application.html.erb (Duration: 23.7ms | GC: 0.0ms)
Completed 200 OK in 31ms (Views: 24.2ms | ActiveRecord: 1.0ms (8 queries, 0 cached) | GC: 0.0ms)


Started GET "/items" for ::1 at 2026-03-30 16:21:08 +0900
Processing by ItemsController#index as HTML
  Rendering layout layouts/application.html.erb
  Rendering items/index.html.erb within layouts/application
  [1m[36mItem Exists? (0.8ms)[0m  [1m[34mSELECT 1 AS one FROM "items" LIMIT 1 /*action='index',application='HandmadeSupportApp',controller='items'*/[0m
  ↳ app/views/items/index.html.erb:6
  [1m[36mItem Load (0.2ms)[0m  [1m[34mSELECT "items".* FROM "items" /*action='index',application='HandmadeSupportApp',controller='items'*/[0m
  ↳ app/views/items/index.html.erb:8
  [1m[36mActiveStorage::Attachment Load (0.1ms)[0m  [1m[34mSELECT "active_storage_attachments".* FROM "active_storage_attachments" WHERE "active_storage_attachments"."record_id" = 2 AND "active_storage_attachments"."record_type" = 'Item' AND "active_storage_attachments"."name" = 'image' LIMIT 1 /*action='index',application='HandmadeSupportApp',controller='items'*/[0m
  ↳ app/views/items/index.html.erb:13
  [1m[36mActiveStorage::Attachment Load (0.1ms)[0m  [1m[34mSELECT "active_storage_attachments".* FROM "active_storage_attachments" WHERE "active_storage_attachments"."record_id" = 3 AND "active_storage_attachments"."record_type" = 'Item' AND "active_storage_attachments"."name" = 'image' LIMIT 1 /*action='index',application='HandmadeSupportApp',controller='items'*/[0m
  ↳ app/views/items/index.html.erb:13
  [1m[36mActiveStorage::Attachment Load (0.2ms)[0m  [1m[34mSELECT "active_storage_attachments".* FROM "active_storage_attachments" WHERE "active_storage_attachments"."record_id" = 4 AND "active_storage_attachments"."record_type" = 'Item' AND "active_storage_attachments"."name" = 'image' LIMIT 1 /*action='index',application='HandmadeSupportApp',controller='items'*/[0m
  ↳ app/views/items/index.html.erb:13
  [1m[36mActiveStorage::Attachment Load (0.1ms)[0m  [1m[34mSELECT "active_storage_attachments".* FROM "active_storage_attachments" WHERE "active_storage_attachments"."record_id" = 5 AND "active_storage_attachments"."record_type" = 'Item' AND "active_storage_attachments"."name" = 'image' LIMIT 1 /*action='index',application='HandmadeSupportApp',controller='items'*/[0m
  ↳ app/views/items/index.html.erb:13
  [1m[36mActiveStorage::Attachment Load (0.1ms)[0m  [1m[34mSELECT "active_storage_attachments".* FROM "active_storage_attachments" WHERE "active_storage_attachments"."record_id" = 6 AND "active_storage_attachments"."record_type" = 'Item' AND "active_storage_attachments"."name" = 'image' LIMIT 1 /*action='index',application='HandmadeSupportApp',controller='items'*/[0m
  ↳ app/views/items/index.html.erb:13
  [1m[36mActiveStorage::Attachment Load (0.2ms)[0m  [1m[34mSELECT "active_storage_attachments".* FROM "active_storage_attachments" WHERE "active_storage_attachments"."record_id" = 7 AND "active_storage_attachments"."record_type" = 'Item' AND "active_storage_attachments"."name" = 'image' LIMIT 1 /*action='index',application='HandmadeSupportApp',controller='items'*/[0m
  ↳ app/views/items/index.html.erb:13
  Rendered items/index.html.erb within layouts/application (Duration: 30.3ms | GC: 0.0ms)
  Rendered layout layouts/application.html.erb (Duration: 32.7ms | GC: 0.0ms)
Completed 200 OK in 43ms (Views: 32.1ms | ActiveRecord: 4.1ms (8 queries, 0 cached) | GC: 0.0ms)


Started GET "/items/2" for ::1 at 2026-03-30 16:21:50 +0900
Processing by ItemsController#show as HTML
  Parameters: {"id" => "2"}
  [1m[36mItem Load (0.4ms)[0m  [1m[34mSELECT "items".* FROM "items" WHERE "items"."id" = 2 LIMIT 1 /*action='show',application='HandmadeSupportApp',controller='items'*/[0m
  ↳ app/controllers/items_controller.rb:11:in 'ItemsController#show'
  Rendering layout layouts/application.html.erb
  Rendering items/show.html.erb within layouts/application
  Rendered items/show.html.erb within layouts/application (Duration: 0.6ms | GC: 0.0ms)
  Rendered layout layouts/application.html.erb (Duration: 3.3ms | GC: 0.0ms)
Completed 200 OK in 39ms (Views: 13.6ms | ActiveRecord: 3.0ms (1 query, 0 cached) | GC: 0.0ms)


Started GET "/items" for ::1 at 2026-03-30 16:21:53 +0900
Processing by ItemsController#index as HTML
  Rendering layout layouts/application.html.erb
  Rendering items/index.html.erb within layouts/application
  [1m[36mItem Exists? (0.1ms)[0m  [1m[34mSELECT 1 AS one FROM "items" LIMIT 1 /*action='index',application='HandmadeSupportApp',controller='items'*/[0m
  ↳ app/views/items/index.html.erb:6
  [1m[36mItem Load (0.2ms)[0m  [1m[34mSELECT "items".* FROM "items" /*action='index',application='HandmadeSupportApp',controller='items'*/[0m
  ↳ app/views/items/index.html.erb:8
  [1m[36mActiveStorage::Attachment Load (0.1ms)[0m  [1m[34mSELECT "active_storage_attachments".* FROM "active_storage_attachments" WHERE "active_storage_attachments"."record_id" = 2 AND "active_storage_attachments"."record_type" = 'Item' AND "active_storage_attachments"."name" = 'image' LIMIT 1 /*action='index',application='HandmadeSupportApp',controller='items'*/[0m
  ↳ app/views/items/index.html.erb:13
  [1m[36mActiveStorage::Attachment Load (0.1ms)[0m  [1m[34mSELECT "active_storage_attachments".* FROM "active_storage_attachments" WHERE "active_storage_attachments"."record_id" = 3 AND "active_storage_attachments"."record_type" = 'Item' AND "active_storage_attachments"."name" = 'image' LIMIT 1 /*action='index',application='HandmadeSupportApp',controller='items'*/[0m
  ↳ app/views/items/index.html.erb:13
  [1m[36mActiveStorage::Attachment Load (0.1ms)[0m  [1m[34mSELECT "active_storage_attachments".* FROM "active_storage_attachments" WHERE "active_storage_attachments"."record_id" = 4 AND "active_storage_attachments"."record_type" = 'Item' AND "active_storage_attachments"."name" = 'image' LIMIT 1 /*action='index',application='HandmadeSupportApp',controller='items'*/[0m
  ↳ app/views/items/index.html.erb:13
  [1m[36mActiveStorage::Attachment Load (0.1ms)[0m  [1m[34mSELECT "active_storage_attachments".* FROM "active_storage_attachments" WHERE "active_storage_attachments"."record_id" = 5 AND "active_storage_attachments"."record_type" = 'Item' AND "active_storage_attachments"."name" = 'image' LIMIT 1 /*action='index',application='HandmadeSupportApp',controller='items'*/[0m
  ↳ app/views/items/index.html.erb:13
  [1m[36mActiveStorage::Attachment Load (0.1ms)[0m  [1m[34mSELECT "active_storage_attachments".* FROM "active_storage_attachments" WHERE "active_storage_attachments"."record_id" = 6 AND "active_storage_attachments"."record_type" = 'Item' AND "active_storage_attachments"."name" = 'image' LIMIT 1 /*action='index',application='HandmadeSupportApp',controller='items'*/[0m
  ↳ app/views/items/index.html.erb:13
  [1m[36mActiveStorage::Attachment Load (0.1ms)[0m  [1m[34mSELECT "active_storage_attachments".* FROM "active_storage_attachments" WHERE "active_storage_attachments"."record_id" = 7 AND "active_storage_attachments"."record_type" = 'Item' AND "active_storage_attachments"."name" = 'image' LIMIT 1 /*action='index',application='HandmadeSupportApp',controller='items'*/[0m
  ↳ app/views/items/index.html.erb:13
  Rendered items/index.html.erb within layouts/application (Duration: 28.7ms | GC: 0.0ms)
  Rendered layout layouts/application.html.erb (Duration: 30.3ms | GC: 0.0ms)
Completed 200 OK in 34ms (Views: 30.2ms | ActiveRecord: 1.3ms (8 queries, 0 cached) | GC: 0.0ms)


Started GET "/items" for ::1 at 2026-03-30 16:23:16 +0900
Processing by ItemsController#index as HTML
  Rendering layout layouts/application.html.erb
  Rendering items/index.html.erb within layouts/application
  [1m[36mItem Exists? (0.2ms)[0m  [1m[34mSELECT 1 AS one FROM "items" LIMIT 1 /*action='index',application='HandmadeSupportApp',controller='items'*/[0m
  ↳ app/views/items/index.html.erb:6
  [1m[36mItem Load (0.1ms)[0m  [1m[34mSELECT "items".* FROM "items" /*action='index',application='HandmadeSupportApp',controller='items'*/[0m
  ↳ app/views/items/index.html.erb:8
  [1m[36mActiveStorage::Attachment Load (0.1ms)[0m  [1m[34mSELECT "active_storage_attachments".* FROM "active_storage_attachments" WHERE "active_storage_attachments"."record_id" = 2 AND "active_storage_attachments"."record_type" = 'Item' AND "active_storage_attachments"."name" = 'image' LIMIT 1 /*action='index',application='HandmadeSupportApp',controller='items'*/[0m
  ↳ app/views/items/index.html.erb:13
  [1m[36mActiveStorage::Attachment Load (0.1ms)[0m  [1m[34mSELECT "active_storage_attachments".* FROM "active_storage_attachments" WHERE "active_storage_attachments"."record_id" = 3 AND "active_storage_attachments"."record_type" = 'Item' AND "active_storage_attachments"."name" = 'image' LIMIT 1 /*action='index',application='HandmadeSupportApp',controller='items'*/[0m
  ↳ app/views/items/index.html.erb:13
  [1m[36mActiveStorage::Attachment Load (0.2ms)[0m  [1m[34mSELECT "active_storage_attachments".* FROM "active_storage_attachments" WHERE "active_storage_attachments"."record_id" = 4 AND "active_storage_attachments"."record_type" = 'Item' AND "active_storage_attachments"."name" = 'image' LIMIT 1 /*action='index',application='HandmadeSupportApp',controller='items'*/[0m
  ↳ app/views/items/index.html.erb:13
  [1m[36mActiveStorage::Attachment Load (0.3ms)[0m  [1m[34mSELECT "active_storage_attachments".* FROM "active_storage_attachments" WHERE "active_storage_attachments"."record_id" = 5 AND "active_storage_attachments"."record_type" = 'Item' AND "active_storage_attachments"."name" = 'image' LIMIT 1 /*action='index',application='HandmadeSupportApp',controller='items'*/[0m
  ↳ app/views/items/index.html.erb:13
  [1m[36mActiveStorage::Attachment Load (0.1ms)[0m  [1m[34mSELECT "active_storage_attachments".* FROM "active_storage_attachments" WHERE "active_storage_attachments"."record_id" = 6 AND "active_storage_attachments"."record_type" = 'Item' AND "active_storage_attachments"."name" = 'image' LIMIT 1 /*action='index',application='HandmadeSupportApp',controller='items'*/[0m
  ↳ app/views/items/index.html.erb:13
  [1m[36mActiveStorage::Attachment Load (0.1ms)[0m  [1m[34mSELECT "active_storage_attachments".* FROM "active_storage_attachments" WHERE "active_storage_attachments"."record_id" = 7 AND "active_storage_attachments"."record_type" = 'Item' AND "active_storage_attachments"."name" = 'image' LIMIT 1 /*action='index',application='HandmadeSupportApp',controller='items'*/[0m
  ↳ app/views/items/index.html.erb:13
  Rendered items/index.html.erb within layouts/application (Duration: 21.7ms | GC: 0.0ms)
  Rendered layout layouts/application.html.erb (Duration: 23.5ms | GC: 0.0ms)
Completed 200 OK in 28ms (Views: 23.5ms | ActiveRecord: 1.2ms (8 queries, 0 cached) | GC: 0.0ms)


Started GET "/items/new" for ::1 at 2026-03-30 16:25:59 +0900
Processing by ItemsController#new as HTML
  Rendering layout layouts/application.html.erb
  Rendering items/new.html.erb within layouts/application
  Rendered items/new.html.erb within layouts/application (Duration: 12.8ms | GC: 0.0ms)
  Rendered layout layouts/application.html.erb (Duration: 15.2ms | GC: 0.0ms)
Completed 200 OK in 32ms (Views: 19.8ms | ActiveRecord: 1.6ms (0 queries, 0 cached) | GC: 0.0ms)


Started GET "/items" for ::1 at 2026-03-30 16:26:04 +0900
Processing by ItemsController#index as HTML
  Rendering layout layouts/application.html.erb
  Rendering items/index.html.erb within layouts/application
  [1m[36mItem Exists? (0.4ms)[0m  [1m[34mSELECT 1 AS one FROM "items" LIMIT 1 /*action='index',application='HandmadeSupportApp',controller='items'*/[0m
  ↳ app/views/items/index.html.erb:6
  [1m[36mItem Load (0.1ms)[0m  [1m[34mSELECT "items".* FROM "items" /*action='index',application='HandmadeSupportApp',controller='items'*/[0m
  ↳ app/views/items/index.html.erb:8
  [1m[36mActiveStorage::Attachment Load (0.1ms)[0m  [1m[34mSELECT "active_storage_attachments".* FROM "active_storage_attachments" WHERE "active_storage_attachments"."record_id" = 2 AND "active_storage_attachments"."record_type" = 'Item' AND "active_storage_attachments"."name" = 'image' LIMIT 1 /*action='index',application='HandmadeSupportApp',controller='items'*/[0m
  ↳ app/views/items/index.html.erb:10
  [1m[36mActiveStorage::Attachment Load (0.1ms)[0m  [1m[34mSELECT "active_storage_attachments".* FROM "active_storage_attachments" WHERE "active_storage_attachments"."record_id" = 3 AND "active_storage_attachments"."record_type" = 'Item' AND "active_storage_attachments"."name" = 'image' LIMIT 1 /*action='index',application='HandmadeSupportApp',controller='items'*/[0m
  ↳ app/views/items/index.html.erb:10
  [1m[36mActiveStorage::Attachment Load (0.1ms)[0m  [1m[34mSELECT "active_storage_attachments".* FROM "active_storage_attachments" WHERE "active_storage_attachments"."record_id" = 4 AND "active_storage_attachments"."record_type" = 'Item' AND "active_storage_attachments"."name" = 'image' LIMIT 1 /*action='index',application='HandmadeSupportApp',controller='items'*/[0m
  ↳ app/views/items/index.html.erb:10
  [1m[36mActiveStorage::Attachment Load (0.1ms)[0m  [1m[34mSELECT "active_storage_attachments".* FROM "active_storage_attachments" WHERE "active_storage_attachments"."record_id" = 5 AND "active_storage_attachments"."record_type" = 'Item' AND "active_storage_attachments"."name" = 'image' LIMIT 1 /*action='index',application='HandmadeSupportApp',controller='items'*/[0m
  ↳ app/views/items/index.html.erb:10
  [1m[36mActiveStorage::Attachment Load (0.1ms)[0m  [1m[34mSELECT "active_storage_attachments".* FROM "active_storage_attachments" WHERE "active_storage_attachments"."record_id" = 6 AND "active_storage_attachments"."record_type" = 'Item' AND "active_storage_attachments"."name" = 'image' LIMIT 1 /*action='index',application='HandmadeSupportApp',controller='items'*/[0m
  ↳ app/views/items/index.html.erb:10
  [1m[36mActiveStorage::Attachment Load (0.1ms)[0m  [1m[34mSELECT "active_storage_attachments".* FROM "active_storage_attachments" WHERE "active_storage_attachments"."record_id" = 7 AND "active_storage_attachments"."record_type" = 'Item' AND "active_storage_attachments"."name" = 'image' LIMIT 1 /*action='index',application='HandmadeSupportApp',controller='items'*/[0m
  ↳ app/views/items/index.html.erb:10
  Rendered items/index.html.erb within layouts/application (Duration: 44.5ms | GC: 0.5ms)
  Rendered layout layouts/application.html.erb (Duration: 46.0ms | GC: 0.5ms)
Completed 200 OK in 51ms (Views: 45.6ms | ActiveRecord: 1.5ms (8 queries, 0 cached) | GC: 0.5ms)


Started GET "/items/new" for ::1 at 2026-03-30 16:40:15 +0900
Processing by ItemsController#new as HTML
  Rendering layout layouts/application.html.erb
  Rendering items/new.html.erb within layouts/application
  Rendered items/new.html.erb within layouts/application (Duration: 1.1ms | GC: 0.0ms)
  Rendered layout layouts/application.html.erb (Duration: 2.1ms | GC: 0.0ms)
Completed 200 OK in 5ms (Views: 3.2ms | ActiveRecord: 0.0ms (0 queries, 0 cached) | GC: 0.0ms)


Started GET "/items" for ::1 at 2026-03-30 16:40:37 +0900
Processing by ItemsController#index as HTML
  Rendering layout layouts/application.html.erb
  Rendering items/index.html.erb within layouts/application
  [1m[36mItem Exists? (1.7ms)[0m  [1m[34mSELECT 1 AS one FROM "items" LIMIT 1 /*action='index',application='HandmadeSupportApp',controller='items'*/[0m
  ↳ app/views/items/index.html.erb:6
  [1m[36mItem Load (0.1ms)[0m  [1m[34mSELECT "items".* FROM "items" /*action='index',application='HandmadeSupportApp',controller='items'*/[0m
  ↳ app/views/items/index.html.erb:8
  [1m[36mActiveStorage::Attachment Load (0.1ms)[0m  [1m[34mSELECT "active_storage_attachments".* FROM "active_storage_attachments" WHERE "active_storage_attachments"."record_id" = 2 AND "active_storage_attachments"."record_type" = 'Item' AND "active_storage_attachments"."name" = 'image' LIMIT 1 /*action='index',application='HandmadeSupportApp',controller='items'*/[0m
  ↳ app/views/items/index.html.erb:10
  [1m[36mActiveStorage::Attachment Load (0.1ms)[0m  [1m[34mSELECT "active_storage_attachments".* FROM "active_storage_attachments" WHERE "active_storage_attachments"."record_id" = 3 AND "active_storage_attachments"."record_type" = 'Item' AND "active_storage_attachments"."name" = 'image' LIMIT 1 /*action='index',application='HandmadeSupportApp',controller='items'*/[0m
  ↳ app/views/items/index.html.erb:10
  [1m[36mActiveStorage::Attachment Load (0.2ms)[0m  [1m[34mSELECT "active_storage_attachments".* FROM "active_storage_attachments" WHERE "active_storage_attachments"."record_id" = 4 AND "active_storage_attachments"."record_type" = 'Item' AND "active_storage_attachments"."name" = 'image' LIMIT 1 /*action='index',application='HandmadeSupportApp',controller='items'*/[0m
  ↳ app/views/items/index.html.erb:10
  [1m[36mActiveStorage::Attachment Load (0.1ms)[0m  [1m[34mSELECT "active_storage_attachments".* FROM "active_storage_attachments" WHERE "active_storage_attachments"."record_id" = 5 AND "active_storage_attachments"."record_type" = 'Item' AND "active_storage_attachments"."name" = 'image' LIMIT 1 /*action='index',application='HandmadeSupportApp',controller='items'*/[0m
  ↳ app/views/items/index.html.erb:10
  [1m[36mActiveStorage::Attachment Load (0.1ms)[0m  [1m[34mSELECT "active_storage_attachments".* FROM "active_storage_attachments" WHERE "active_storage_attachments"."record_id" = 6 AND "active_storage_attachments"."record_type" = 'Item' AND "active_storage_attachments"."name" = 'image' LIMIT 1 /*action='index',application='HandmadeSupportApp',controller='items'*/[0m
  ↳ app/views/items/index.html.erb:10
  [1m[36mActiveStorage::Attachment Load (0.1ms)[0m  [1m[34mSELECT "active_storage_attachments".* FROM "active_storage_attachments" WHERE "active_storage_attachments"."record_id" = 7 AND "active_storage_attachments"."record_type" = 'Item' AND "active_storage_attachments"."name" = 'image' LIMIT 1 /*action='index',application='HandmadeSupportApp',controller='items'*/[0m
  ↳ app/views/items/index.html.erb:10
  Rendered items/index.html.erb within layouts/application (Duration: 24.7ms | GC: 0.0ms)
  Rendered layout layouts/application.html.erb (Duration: 26.3ms | GC: 0.0ms)
Completed 200 OK in 33ms (Views: 25.8ms | ActiveRecord: 2.5ms (8 queries, 0 cached) | GC: 0.0ms)


Started GET "/items/new" for ::1 at 2026-03-30 16:52:27 +0900
Processing by ItemsController#new as HTML
  Rendering layout layouts/application.html.erb
  Rendering items/new.html.erb within layouts/application
  Rendered items/new.html.erb within layouts/application (Duration: 1.7ms | GC: 0.0ms)
  Rendered layout layouts/application.html.erb (Duration: 3.5ms | GC: 0.0ms)
Completed 200 OK in 7ms (Views: 5.2ms | ActiveRecord: 0.0ms (0 queries, 0 cached) | GC: 0.0ms)


Started GET "/items" for ::1 at 2026-03-30 16:53:22 +0900
Processing by ItemsController#index as HTML
  Rendering layout layouts/application.html.erb
  Rendering items/index.html.erb within layouts/application
  [1m[36mItem Exists? (1.4ms)[0m  [1m[34mSELECT 1 AS one FROM "items" LIMIT 1 /*action='index',application='HandmadeSupportApp',controller='items'*/[0m
  ↳ app/views/items/index.html.erb:6
  [1m[36mItem Load (0.1ms)[0m  [1m[34mSELECT "items".* FROM "items" /*action='index',application='HandmadeSupportApp',controller='items'*/[0m
  ↳ app/views/items/index.html.erb:8
  [1m[36mActiveStorage::Attachment Load (0.1ms)[0m  [1m[34mSELECT "active_storage_attachments".* FROM "active_storage_attachments" WHERE "active_storage_attachments"."record_id" = 2 AND "active_storage_attachments"."record_type" = 'Item' AND "active_storage_attachments"."name" = 'image' LIMIT 1 /*action='index',application='HandmadeSupportApp',controller='items'*/[0m
  ↳ app/views/items/index.html.erb:10
  [1m[36mActiveStorage::Attachment Load (0.1ms)[0m  [1m[34mSELECT "active_storage_attachments".* FROM "active_storage_attachments" WHERE "active_storage_attachments"."record_id" = 3 AND "active_storage_attachments"."record_type" = 'Item' AND "active_storage_attachments"."name" = 'image' LIMIT 1 /*action='index',application='HandmadeSupportApp',controller='items'*/[0m
  ↳ app/views/items/index.html.erb:10
  [1m[36mActiveStorage::Attachment Load (0.1ms)[0m  [1m[34mSELECT "active_storage_attachments".* FROM "active_storage_attachments" WHERE "active_storage_attachments"."record_id" = 4 AND "active_storage_attachments"."record_type" = 'Item' AND "active_storage_attachments"."name" = 'image' LIMIT 1 /*action='index',application='HandmadeSupportApp',controller='items'*/[0m
  ↳ app/views/items/index.html.erb:10
  [1m[36mActiveStorage::Attachment Load (0.1ms)[0m  [1m[34mSELECT "active_storage_attachments".* FROM "active_storage_attachments" WHERE "active_storage_attachments"."record_id" = 5 AND "active_storage_attachments"."record_type" = 'Item' AND "active_storage_attachments"."name" = 'image' LIMIT 1 /*action='index',application='HandmadeSupportApp',controller='items'*/[0m
  ↳ app/views/items/index.html.erb:10
  [1m[36mActiveStorage::Attachment Load (0.2ms)[0m  [1m[34mSELECT "active_storage_attachments".* FROM "active_storage_attachments" WHERE "active_storage_attachments"."record_id" = 6 AND "active_storage_attachments"."record_type" = 'Item' AND "active_storage_attachments"."name" = 'image' LIMIT 1 /*action='index',application='HandmadeSupportApp',controller='items'*/[0m
  ↳ app/views/items/index.html.erb:10
  [1m[36mActiveStorage::Attachment Load (0.1ms)[0m  [1m[34mSELECT "active_storage_attachments".* FROM "active_storage_attachments" WHERE "active_storage_attachments"."record_id" = 7 AND "active_storage_attachments"."record_type" = 'Item' AND "active_storage_attachments"."name" = 'image' LIMIT 1 /*action='index',application='HandmadeSupportApp',controller='items'*/[0m
  ↳ app/views/items/index.html.erb:10
  Rendered items/index.html.erb within layouts/application (Duration: 17.2ms | GC: 0.0ms)
  Rendered layout layouts/application.html.erb (Duration: 18.2ms | GC: 0.0ms)
Completed 200 OK in 22ms (Views: 17.1ms | ActiveRecord: 2.0ms (8 queries, 0 cached) | GC: 0.0ms)


  [1m[36mItem Load (0.2ms)[0m  [1m[34mSELECT "items".* FROM "items" ORDER BY "items"."id" ASC LIMIT 1 /*application='HandmadeSupportApp'*/[0m
Started GET "/items" for ::1 at 2026-03-30 16:58:36 +0900
  [1m[36mActiveRecord::SchemaMigration Load (2.3ms)[0m  [1m[34mSELECT "schema_migrations"."version" FROM "schema_migrations" ORDER BY "schema_migrations"."version" ASC /*application='HandmadeSupportApp'*/[0m
Processing by ItemsController#index as HTML
  Rendering layout layouts/application.html.erb
  Rendering items/index.html.erb within layouts/application
  [1m[36mItem Exists? (0.2ms)[0m  [1m[34mSELECT 1 AS one FROM "items" LIMIT 1 /*action='index',application='HandmadeSupportApp',controller='items'*/[0m
  ↳ app/views/items/index.html.erb:6
  [1m[36mItem Load (0.1ms)[0m  [1m[34mSELECT "items".* FROM "items" /*action='index',application='HandmadeSupportApp',controller='items'*/[0m
  ↳ app/views/items/index.html.erb:8
  [1m[36mActiveStorage::Attachment Load (0.2ms)[0m  [1m[34mSELECT "active_storage_attachments".* FROM "active_storage_attachments" WHERE "active_storage_attachments"."record_id" = 2 AND "active_storage_attachments"."record_type" = 'Item' AND "active_storage_attachments"."name" = 'image' LIMIT 1 /*action='index',application='HandmadeSupportApp',controller='items'*/[0m
  ↳ app/views/items/index.html.erb:10
  [1m[36mActiveStorage::Attachment Load (0.1ms)[0m  [1m[34mSELECT "active_storage_attachments".* FROM "active_storage_attachments" WHERE "active_storage_attachments"."record_id" = 3 AND "active_storage_attachments"."record_type" = 'Item' AND "active_storage_attachments"."name" = 'image' LIMIT 1 /*action='index',application='HandmadeSupportApp',controller='items'*/[0m
  ↳ app/views/items/index.html.erb:10
  [1m[36mActiveStorage::Attachment Load (0.1ms)[0m  [1m[34mSELECT "active_storage_attachments".* FROM "active_storage_attachments" WHERE "active_storage_attachments"."record_id" = 4 AND "active_storage_attachments"."record_type" = 'Item' AND "active_storage_attachments"."name" = 'image' LIMIT 1 /*action='index',application='HandmadeSupportApp',controller='items'*/[0m
  ↳ app/views/items/index.html.erb:10
  [1m[36mActiveStorage::Attachment Load (0.1ms)[0m  [1m[34mSELECT "active_storage_attachments".* FROM "active_storage_attachments" WHERE "active_storage_attachments"."record_id" = 5 AND "active_storage_attachments"."record_type" = 'Item' AND "active_storage_attachments"."name" = 'image' LIMIT 1 /*action='index',application='HandmadeSupportApp',controller='items'*/[0m
  ↳ app/views/items/index.html.erb:10
  [1m[36mActiveStorage::Attachment Load (0.1ms)[0m  [1m[34mSELECT "active_storage_attachments".* FROM "active_storage_attachments" WHERE "active_storage_attachments"."record_id" = 6 AND "active_storage_attachments"."record_type" = 'Item' AND "active_storage_attachments"."name" = 'image' LIMIT 1 /*action='index',application='HandmadeSupportApp',controller='items'*/[0m
  ↳ app/views/items/index.html.erb:10
  [1m[36mActiveStorage::Attachment Load (0.2ms)[0m  [1m[34mSELECT "active_storage_attachments".* FROM "active_storage_attachments" WHERE "active_storage_attachments"."record_id" = 7 AND "active_storage_attachments"."record_type" = 'Item' AND "active_storage_attachments"."name" = 'image' LIMIT 1 /*action='index',application='HandmadeSupportApp',controller='items'*/[0m
  ↳ app/views/items/index.html.erb:10
  Rendered items/index.html.erb within layouts/application (Duration: 58.7ms | GC: 0.0ms)
  Rendered layout layouts/application.html.erb (Duration: 84.7ms | GC: 0.0ms)
Completed 200 OK in 176ms (Views: 86.4ms | ActiveRecord: 6.3ms (8 queries, 0 cached) | GC: 0.0ms)


  [1m[36mItem Load (0.1ms)[0m  [1m[34mSELECT "items".* FROM "items" ORDER BY "items"."id" ASC LIMIT 1 /*application='HandmadeSupportApp'*/[0m
  [1m[36mItem Load (0.2ms)[0m  [1m[34mSELECT "items".* FROM "items" WHERE "items"."title" = 'リネンのトートバッグ' LIMIT 1 /*application='HandmadeSupportApp'*/[0m
  [1m[36mActiveStorage::Attachment Load (0.1ms)[0m  [1m[34mSELECT "active_storage_attachments".* FROM "active_storage_attachments" WHERE "active_storage_attachments"."record_id" = 2 AND "active_storage_attachments"."record_type" = 'Item' AND "active_storage_attachments"."name" = 'image' LIMIT 1 /*application='HandmadeSupportApp'*/[0m
  [1m[36mItem Load (0.2ms)[0m  [1m[34mSELECT "items".* FROM "items" ORDER BY "items"."id" ASC LIMIT 1 /*application='HandmadeSupportApp'*/[0m
  [1m[36mTRANSACTION (0.1ms)[0m  [1m[35mBEGIN immediate TRANSACTION /*application='HandmadeSupportApp'*/[0m
  [1m[36mActiveStorage::Blob Load (0.1ms)[0m  [1m[34mSELECT "active_storage_blobs".* FROM "active_storage_blobs" INNER JOIN "active_storage_attachments" ON "active_storage_blobs"."id" = "active_storage_attachments"."blob_id" WHERE "active_storage_attachments"."record_id" = 2 AND "active_storage_attachments"."record_type" = 'Item' AND "active_storage_attachments"."name" = 'image' LIMIT 1 /*application='HandmadeSupportApp'*/[0m
  [1m[36mActiveStorage::Attachment Load (0.1ms)[0m  [1m[34mSELECT "active_storage_attachments".* FROM "active_storage_attachments" WHERE "active_storage_attachments"."record_id" = 2 AND "active_storage_attachments"."record_type" = 'Item' AND "active_storage_attachments"."name" = 'image' LIMIT 1 /*application='HandmadeSupportApp'*/[0m
  [1m[36mActiveStorage::Blob Create (0.1ms)[0m  [1m[32mINSERT INTO "active_storage_blobs" ("key", "filename", "content_type", "metadata", "service_name", "byte_size", "checksum", "created_at") VALUES ('paeyw7k7t6ohozw3w5oc49wxsrrv', 'tote.png', 'image/png', '{"identified":true}', 'local', 2820824, 'OIIfj6Q6pzfrUMQlsWntrQ==', '2026-03-30 08:17:30.735473') RETURNING "id" /*application='HandmadeSupportApp'*/[0m
  [1m[36mActiveStorage::Attachment Create (0.1ms)[0m  [1m[32mINSERT INTO "active_storage_attachments" ("name", "record_type", "record_id", "blob_id", "created_at") VALUES ('image', 'Item', 2, 1, '2026-03-30 08:17:30.737122') RETURNING "id" /*application='HandmadeSupportApp'*/[0m
  [1m[36mItem Update (0.1ms)[0m  [1m[33mUPDATE "items" SET "updated_at" = '2026-03-30 08:17:30.737836' WHERE "items"."id" = 2 /*application='HandmadeSupportApp'*/[0m
  [1m[36mTRANSACTION (2.0ms)[0m  [1m[35mCOMMIT TRANSACTION /*application='HandmadeSupportApp'*/[0m
[36m  Disk Storage (10.0ms) [0m[32mUploaded file to key: paeyw7k7t6ohozw3w5oc49wxsrrv (checksum: OIIfj6Q6pzfrUMQlsWntrQ==)[0m
[ActiveJob] Enqueued ActiveStorage::AnalyzeJob (Job ID: 76994c55-a6b8-4e48-ba1d-fe45125081a0) to Async(default) with arguments: #<GlobalID:0x000002a6a2751d40 @uri=#<URI::GID gid://handmade-support-app/ActiveStorage::Blob/1>>
[ActiveJob] ↳ (handmade-support-app):6:in '<main>'
[ActiveJob] [ActiveStorage::AnalyzeJob] [76994c55-a6b8-4e48-ba1d-fe45125081a0]   [1m[36mActiveStorage::Blob Load (0.8ms)[0m  [1m[34mSELECT "active_storage_blobs".* FROM "active_storage_blobs" WHERE "active_storage_blobs"."id" = 1 LIMIT 1 /*application='HandmadeSupportApp'*/[0m
[ActiveJob] [ActiveStorage::AnalyzeJob] [76994c55-a6b8-4e48-ba1d-fe45125081a0] Performing ActiveStorage::AnalyzeJob (Job ID: 76994c55-a6b8-4e48-ba1d-fe45125081a0) from Async(default) enqueued at 2026-03-30T08:17:30.837418400Z with arguments: #<GlobalID:0x000002a6a3be9f50 @uri=#<URI::GID gid://handmade-support-app/ActiveStorage::Blob/1>>
[ActiveJob] [ActiveStorage::AnalyzeJob] [76994c55-a6b8-4e48-ba1d-fe45125081a0] [36m  Disk Storage (2.7ms) [0m[34mDownloaded file from key: paeyw7k7t6ohozw3w5oc49wxsrrv[0m
[ActiveJob] [ActiveStorage::AnalyzeJob] [76994c55-a6b8-4e48-ba1d-fe45125081a0]   [1m[36mTRANSACTION (0.1ms)[0m  [1m[35mBEGIN immediate TRANSACTION /*application='HandmadeSupportApp',job='ActiveStorage%3A%3AAnalyzeJob'*/[0m
[ActiveJob] [ActiveStorage::AnalyzeJob] [76994c55-a6b8-4e48-ba1d-fe45125081a0]   [1m[36mActiveStorage::Blob Update (0.6ms)[0m  [1m[33mUPDATE "active_storage_blobs" SET "metadata" = '{"identified":true,"width":1024,"height":1536,"analyzed":true}' WHERE "active_storage_blobs"."id" = 1 /*application='HandmadeSupportApp',job='ActiveStorage%3A%3AAnalyzeJob'*/[0m
[ActiveJob] [ActiveStorage::AnalyzeJob] [76994c55-a6b8-4e48-ba1d-fe45125081a0]   [1m[36mActiveStorage::Attachment Load (0.1ms)[0m  [1m[34mSELECT "active_storage_attachments".* FROM "active_storage_attachments" WHERE "active_storage_attachments"."blob_id" = 1 /*application='HandmadeSupportApp',job='ActiveStorage%3A%3AAnalyzeJob'*/[0m
[ActiveJob] [ActiveStorage::AnalyzeJob] [76994c55-a6b8-4e48-ba1d-fe45125081a0]   [1m[36mItem Load (0.1ms)[0m  [1m[34mSELECT "items".* FROM "items" WHERE "items"."id" = 2 /*application='HandmadeSupportApp',job='ActiveStorage%3A%3AAnalyzeJob'*/[0m
[ActiveJob] [ActiveStorage::AnalyzeJob] [76994c55-a6b8-4e48-ba1d-fe45125081a0]   [1m[36mItem Update (0.1ms)[0m  [1m[33mUPDATE "items" SET "updated_at" = '2026-03-30 08:17:30.932874' WHERE "items"."id" = 2 /*application='HandmadeSupportApp',job='ActiveStorage%3A%3AAnalyzeJob'*/[0m
[ActiveJob] [ActiveStorage::AnalyzeJob] [76994c55-a6b8-4e48-ba1d-fe45125081a0]   [1m[36mTRANSACTION (0.2ms)[0m  [1m[35mCOMMIT TRANSACTION /*application='HandmadeSupportApp',job='ActiveStorage%3A%3AAnalyzeJob'*/[0m
[ActiveJob] [ActiveStorage::AnalyzeJob] [76994c55-a6b8-4e48-ba1d-fe45125081a0] Performed ActiveStorage::AnalyzeJob (Job ID: 76994c55-a6b8-4e48-ba1d-fe45125081a0) from Async(default) in 78.83ms
Started GET "/items" for ::1 at 2026-03-30 17:20:19 +0900
  [1m[36mActiveRecord::SchemaMigration Load (0.3ms)[0m  [1m[34mSELECT "schema_migrations"."version" FROM "schema_migrations" ORDER BY "schema_migrations"."version" ASC /*application='HandmadeSupportApp'*/[0m
Processing by ItemsController#index as HTML
  Rendering layout layouts/application.html.erb
  Rendering items/index.html.erb within layouts/application
  [1m[36mItem Exists? (0.2ms)[0m  [1m[34mSELECT 1 AS one FROM "items" LIMIT 1 /*action='index',application='HandmadeSupportApp',controller='items'*/[0m
  ↳ app/views/items/index.html.erb:6
  [1m[36mItem Load (0.1ms)[0m  [1m[34mSELECT "items".* FROM "items" /*action='index',application='HandmadeSupportApp',controller='items'*/[0m
  ↳ app/views/items/index.html.erb:8
  [1m[36mActiveStorage::Attachment Load (0.1ms)[0m  [1m[34mSELECT "active_storage_attachments".* FROM "active_storage_attachments" WHERE "active_storage_attachments"."record_id" = 2 AND "active_storage_attachments"."record_type" = 'Item' AND "active_storage_attachments"."name" = 'image' LIMIT 1 /*action='index',application='HandmadeSupportApp',controller='items'*/[0m
  ↳ app/views/items/index.html.erb:10
  [1m[36mActiveStorage::Blob Load (0.3ms)[0m  [1m[34mSELECT "active_storage_blobs".* FROM "active_storage_blobs" WHERE "active_storage_blobs"."id" = 1 LIMIT 1 /*action='index',application='HandmadeSupportApp',controller='items'*/[0m
  ↳ app/views/items/index.html.erb:11
  [1m[36mActiveStorage::Attachment Load (0.3ms)[0m  [1m[34mSELECT "active_storage_attachments".* FROM "active_storage_attachments" WHERE "active_storage_attachments"."record_id" = 3 AND "active_storage_attachments"."record_type" = 'Item' AND "active_storage_attachments"."name" = 'image' LIMIT 1 /*action='index',application='HandmadeSupportApp',controller='items'*/[0m
  ↳ app/views/items/index.html.erb:10
  [1m[36mActiveStorage::Attachment Load (0.1ms)[0m  [1m[34mSELECT "active_storage_attachments".* FROM "active_storage_attachments" WHERE "active_storage_attachments"."record_id" = 4 AND "active_storage_attachments"."record_type" = 'Item' AND "active_storage_attachments"."name" = 'image' LIMIT 1 /*action='index',application='HandmadeSupportApp',controller='items'*/[0m
  ↳ app/views/items/index.html.erb:10
  [1m[36mActiveStorage::Attachment Load (0.1ms)[0m  [1m[34mSELECT "active_storage_attachments".* FROM "active_storage_attachments" WHERE "active_storage_attachments"."record_id" = 5 AND "active_storage_attachments"."record_type" = 'Item' AND "active_storage_attachments"."name" = 'image' LIMIT 1 /*action='index',application='HandmadeSupportApp',controller='items'*/[0m
  ↳ app/views/items/index.html.erb:10
  [1m[36mActiveStorage::Attachment Load (0.1ms)[0m  [1m[34mSELECT "active_storage_attachments".* FROM "active_storage_attachments" WHERE "active_storage_attachments"."record_id" = 6 AND "active_storage_attachments"."record_type" = 'Item' AND "active_storage_attachments"."name" = 'image' LIMIT 1 /*action='index',application='HandmadeSupportApp',controller='items'*/[0m
  ↳ app/views/items/index.html.erb:10
  [1m[36mActiveStorage::Attachment Load (0.1ms)[0m  [1m[34mSELECT "active_storage_attachments".* FROM "active_storage_attachments" WHERE "active_storage_attachments"."record_id" = 7 AND "active_storage_attachments"."record_type" = 'Item' AND "active_storage_attachments"."name" = 'image' LIMIT 1 /*action='index',application='HandmadeSupportApp',controller='items'*/[0m
  ↳ app/views/items/index.html.erb:10
  Rendered items/index.html.erb within layouts/application (Duration: 120.9ms | GC: 0.0ms)
  Rendered layout layouts/application.html.erb (Duration: 145.6ms | GC: 0.0ms)
Completed 200 OK in 245ms (Views: 152.3ms | ActiveRecord: 5.9ms (9 queries, 0 cached) | GC: 0.0ms)


Started GET "/rails/active_storage/blobs/redirect/eyJfcmFpbHMiOnsiZGF0YSI6MSwicHVyIjoiYmxvYl9pZCJ9fQ==--f86ba156becf94f287271edab36854917d1ac309/tote.png" for ::1 at 2026-03-30 17:20:20 +0900
Processing by ActiveStorage::Blobs::RedirectController#show as PNG
  Parameters: {"signed_id" => "eyJfcmFpbHMiOnsiZGF0YSI6MSwicHVyIjoiYmxvYl9pZCJ9fQ==--f86ba156becf94f287271edab36854917d1ac309", "filename" => "tote"}
  [1m[36mActiveStorage::Blob Load (0.2ms)[0m  [1m[34mSELECT "active_storage_blobs".* FROM "active_storage_blobs" WHERE "active_storage_blobs"."id" = 1 LIMIT 1 /*action='show',application='HandmadeSupportApp',controller='redirect'*/[0m
[36m  Disk Storage (0.7ms) [0m[34mGenerated URL for file at key: paeyw7k7t6ohozw3w5oc49wxsrrv (http://localhost:3000/rails/active_storage/disk/eyJfcmFpbHMiOnsiZGF0YSI6eyJrZXkiOiJwYWV5dzdrN3Q2b2hvenczdzVvYzQ5d3hzcnJ2IiwiZGlzcG9zaXRpb24iOiJpbmxpbmU7IGZpbGVuYW1lPVwidG90ZS5wbmdcIjsgZmlsZW5hbWUqPVVURi04Jyd0b3RlLnBuZyIsImNvbnRlbnRfdHlwZSI6ImltYWdlL3BuZyIsInNlcnZpY2VfbmFtZSI6ImxvY2FsIn0sImV4cCI6IjIwMjYtMDMtMzBUMDg6MjU6MjAuMzkyWiIsInB1ciI6ImJsb2Jfa2V5In19--eafb2e8339e8b1f829b51be98e80742fe9427231/tote.png)[0m
Redirected to http://localhost:3000/rails/active_storage/disk/eyJfcmFpbHMiOnsiZGF0YSI6eyJrZXkiOiJwYWV5dzdrN3Q2b2hvenczdzVvYzQ5d3hzcnJ2IiwiZGlzcG9zaXRpb24iOiJpbmxpbmU7IGZpbGVuYW1lPVwidG90ZS5wbmdcIjsgZmlsZW5hbWUqPVVURi04Jyd0b3RlLnBuZyIsImNvbnRlbnRfdHlwZSI6ImltYWdlL3BuZyIsInNlcnZpY2VfbmFtZSI6ImxvY2FsIn0sImV4cCI6IjIwMjYtMDMtMzBUMDg6MjU6MjAuMzkyWiIsInB1ciI6ImJsb2Jfa2V5In19--eafb2e8339e8b1f829b51be98e80742fe9427231/tote.png
Completed 302 Found in 19ms (ActiveRecord: 0.2ms (1 query, 0 cached) | GC: 0.0ms)


Started GET "/rails/active_storage/disk/eyJfcmFpbHMiOnsiZGF0YSI6eyJrZXkiOiJwYWV5dzdrN3Q2b2hvenczdzVvYzQ5d3hzcnJ2IiwiZGlzcG9zaXRpb24iOiJpbmxpbmU7IGZpbGVuYW1lPVwidG90ZS5wbmdcIjsgZmlsZW5hbWUqPVVURi04Jyd0b3RlLnBuZyIsImNvbnRlbnRfdHlwZSI6ImltYWdlL3BuZyIsInNlcnZpY2VfbmFtZSI6ImxvY2FsIn0sImV4cCI6IjIwMjYtMDMtMzBUMDg6MjU6MjAuMzkyWiIsInB1ciI6ImJsb2Jfa2V5In19--eafb2e8339e8b1f829b51be98e80742fe9427231/tote.png" for ::1 at 2026-03-30 17:20:20 +0900
Processing by ActiveStorage::DiskController#show as PNG
  Parameters: {"encoded_key" => "[FILTERED]", "filename" => "tote"}
Completed 200 OK in 5ms (ActiveRecord: 0.0ms (0 queries, 0 cached) | GC: 0.0ms)


Started GET "/items/2" for ::1 at 2026-03-30 17:22:48 +0900
Processing by ItemsController#show as HTML
  Parameters: {"id" => "2"}
  [1m[36mItem Load (0.2ms)[0m  [1m[34mSELECT "items".* FROM "items" WHERE "items"."id" = 2 LIMIT 1 /*action='show',application='HandmadeSupportApp',controller='items'*/[0m
  ↳ app/controllers/items_controller.rb:11:in 'ItemsController#show'
  Rendering layout layouts/application.html.erb
  Rendering items/show.html.erb within layouts/application
  Rendered items/show.html.erb within layouts/application (Duration: 0.6ms | GC: 0.0ms)
  Rendered layout layouts/application.html.erb (Duration: 2.4ms | GC: 0.0ms)
Completed 200 OK in 13ms (Views: 3.9ms | ActiveRecord: 0.2ms (1 query, 0 cached) | GC: 0.0ms)


Started GET "/items" for ::1 at 2026-03-30 17:22:50 +0900
Processing by ItemsController#index as HTML
  Rendering layout layouts/application.html.erb
  Rendering items/index.html.erb within layouts/application
  [1m[36mItem Exists? (0.2ms)[0m  [1m[34mSELECT 1 AS one FROM "items" LIMIT 1 /*action='index',application='HandmadeSupportApp',controller='items'*/[0m
  ↳ app/views/items/index.html.erb:6
  [1m[36mItem Load (0.2ms)[0m  [1m[34mSELECT "items".* FROM "items" /*action='index',application='HandmadeSupportApp',controller='items'*/[0m
  ↳ app/views/items/index.html.erb:8
  [1m[36mActiveStorage::Attachment Load (0.1ms)[0m  [1m[34mSELECT "active_storage_attachments".* FROM "active_storage_attachments" WHERE "active_storage_attachments"."record_id" = 2 AND "active_storage_attachments"."record_type" = 'Item' AND "active_storage_attachments"."name" = 'image' LIMIT 1 /*action='index',application='HandmadeSupportApp',controller='items'*/[0m
  ↳ app/views/items/index.html.erb:10
  [1m[36mActiveStorage::Blob Load (0.2ms)[0m  [1m[34mSELECT "active_storage_blobs".* FROM "active_storage_blobs" WHERE "active_storage_blobs"."id" = 1 LIMIT 1 /*action='index',application='HandmadeSupportApp',controller='items'*/[0m
  ↳ app/views/items/index.html.erb:11
  [1m[36mActiveStorage::Attachment Load (0.1ms)[0m  [1m[34mSELECT "active_storage_attachments".* FROM "active_storage_attachments" WHERE "active_storage_attachments"."record_id" = 3 AND "active_storage_attachments"."record_type" = 'Item' AND "active_storage_attachments"."name" = 'image' LIMIT 1 /*action='index',application='HandmadeSupportApp',controller='items'*/[0m
  ↳ app/views/items/index.html.erb:10
  [1m[36mActiveStorage::Attachment Load (0.1ms)[0m  [1m[34mSELECT "active_storage_attachments".* FROM "active_storage_attachments" WHERE "active_storage_attachments"."record_id" = 4 AND "active_storage_attachments"."record_type" = 'Item' AND "active_storage_attachments"."name" = 'image' LIMIT 1 /*action='index',application='HandmadeSupportApp',controller='items'*/[0m
  ↳ app/views/items/index.html.erb:10
  [1m[36mActiveStorage::Attachment Load (0.1ms)[0m  [1m[34mSELECT "active_storage_attachments".* FROM "active_storage_attachments" WHERE "active_storage_attachments"."record_id" = 5 AND "active_storage_attachments"."record_type" = 'Item' AND "active_storage_attachments"."name" = 'image' LIMIT 1 /*action='index',application='HandmadeSupportApp',controller='items'*/[0m
  ↳ app/views/items/index.html.erb:10
  [1m[36mActiveStorage::Attachment Load (0.1ms)[0m  [1m[34mSELECT "active_storage_attachments".* FROM "active_storage_attachments" WHERE "active_storage_attachments"."record_id" = 6 AND "active_storage_attachments"."record_type" = 'Item' AND "active_storage_attachments"."name" = 'image' LIMIT 1 /*action='index',application='HandmadeSupportApp',controller='items'*/[0m
  ↳ app/views/items/index.html.erb:10
  [1m[36mActiveStorage::Attachment Load (0.1ms)[0m  [1m[34mSELECT "active_storage_attachments".* FROM "active_storage_attachments" WHERE "active_storage_attachments"."record_id" = 7 AND "active_storage_attachments"."record_type" = 'Item' AND "active_storage_attachments"."name" = 'image' LIMIT 1 /*action='index',application='HandmadeSupportApp',controller='items'*/[0m
  ↳ app/views/items/index.html.erb:10
  Rendered items/index.html.erb within layouts/application (Duration: 22.7ms | GC: 0.0ms)
  Rendered layout layouts/application.html.erb (Duration: 24.1ms | GC: 0.0ms)
Completed 200 OK in 27ms (Views: 24.2ms | ActiveRecord: 1.0ms (9 queries, 0 cached) | GC: 0.0ms)


Started GET "/rails/active_storage/disk/eyJfcmFpbHMiOnsiZGF0YSI6eyJrZXkiOiJwYWV5dzdrN3Q2b2hvenczdzVvYzQ5d3hzcnJ2IiwiZGlzcG9zaXRpb24iOiJpbmxpbmU7IGZpbGVuYW1lPVwidG90ZS5wbmdcIjsgZmlsZW5hbWUqPVVURi04Jyd0b3RlLnBuZyIsImNvbnRlbnRfdHlwZSI6ImltYWdlL3BuZyIsInNlcnZpY2VfbmFtZSI6ImxvY2FsIn0sImV4cCI6IjIwMjYtMDMtMzBUMDg6MjU6MjAuMzkyWiIsInB1ciI6ImJsb2Jfa2V5In19--eafb2e8339e8b1f829b51be98e80742fe9427231/tote.png" for ::1 at 2026-03-30 17:22:50 +0900
Processing by ActiveStorage::DiskController#show as PNG
  Parameters: {"encoded_key" => "[FILTERED]", "filename" => "tote"}
Completed 304 Not Modified in 6ms (ActiveRecord: 0.0ms (0 queries, 0 cached) | GC: 0.0ms)


